ISO-10303-21;
HEADER;
/* Generated by software containing ST-Developer
 * from STEP Tools, Inc. (www.steptools.com) 
 */
/* OPTION: using custom schema-name function */

FILE_DESCRIPTION(
/* description */ (''),
/* implementation_level */ '2;1');

FILE_NAME(
/* name */ '2068320802wbm000_01_214.stp',
/* time_stamp */ '2021-12-09T21:36:00+05:00',
/* author */ (''),
/* organization */ (''),
/* preprocessor_version */ 'ST-DEVELOPER v16.7',
/* originating_system */ 'SIEMENS PLM Software NX 1919',
/* authorisation */ '');

FILE_SCHEMA (('AUTOMOTIVE_DESIGN { 1 0 10303 214 3 1 1 1 }'));
ENDSEC;

DATA;
#10=SHAPE_REPRESENTATION_RELATIONSHIP('None',
'relationship between 2068320802wbm000_01-None and 2068320802wbm000_01
-None',#22,#11);
#11=ADVANCED_BREP_SHAPE_REPRESENTATION('2068320802wbm000_01-None',(#32),
#4018);
#12=SHAPE_DEFINITION_REPRESENTATION(#13,#22);
#13=PRODUCT_DEFINITION_SHAPE('','',#14);
#14=PRODUCT_DEFINITION(' ','',#16,#15);
#15=PRODUCT_DEFINITION_CONTEXT('part definition',#21,'design');
#16=PRODUCT_DEFINITION_FORMATION_WITH_SPECIFIED_SOURCE(' ',' ',#18,
 .NOT_KNOWN.);
#17=PRODUCT_RELATED_PRODUCT_CATEGORY('part','',(#18));
#18=PRODUCT('2068320802wbm000_01','2068320802wbm000_01',' ',(#19));
#19=PRODUCT_CONTEXT(' ',#21,'mechanical');
#20=APPLICATION_PROTOCOL_DEFINITION('international standard',
'automotive_design',2010,#21);
#21=APPLICATION_CONTEXT(
'core data for automotive mechanical design processes');
#22=SHAPE_REPRESENTATION('2068320802wbm000_01-None',(#2550),#4018);
#23=PRESENTATION_LAYER_ASSIGNMENT('1','Layer 1',(#32));
#24=STYLED_ITEM('',(#25),#32);
#25=PRESENTATION_STYLE_ASSIGNMENT((#26));
#26=SURFACE_STYLE_USAGE(.BOTH.,#27);
#27=SURFACE_SIDE_STYLE('',(#28));
#28=SURFACE_STYLE_FILL_AREA(#29);
#29=FILL_AREA_STYLE('',(#30));
#30=FILL_AREA_STYLE_COLOUR('',#31);
#31=COLOUR_RGB('Medium Steel',0.596063172350652,0.666666666666667,0.686259250782025);
#32=MANIFOLD_SOLID_BREP('',#33);
#33=CLOSED_SHELL('',(#167,#168,#169,#170,#171,#172,#173,#174,#175,#176,
#177,#178,#179,#180,#181,#182,#183,#184,#185,#186,#187,#188,#189,#190,#191,
#192,#193,#194,#195,#196,#197,#198,#199,#200,#201,#202,#203,#204,#205,#206,
#207,#208,#209,#210,#211,#212,#213,#214,#215,#216,#217,#218,#219,#220,#221,
#222,#223,#224,#225,#226,#227,#228,#229,#230,#231,#232,#233,#234,#235,#236,
#237,#238,#239,#240,#241,#242,#243,#244,#245,#246,#247,#248,#249,#250,#251,
#252,#253,#254,#255,#256,#257,#258,#259,#260,#261,#262,#263,#264,#265,#266,
#267,#268,#269,#270,#271,#272,#273,#274,#275,#276,#277,#278,#279,#280,#281,
#282,#283,#284,#285,#286,#287,#288,#289,#290,#291,#292,#293,#294,#295,#296,
#297,#298,#299,#300,#301,#302,#303,#304,#305,#306));
#34=CONICAL_SURFACE('',#2567,0.414999999999999,45.);
#35=CYLINDRICAL_SURFACE('',#2564,0.414999999999999);
#36=CIRCLE('',#2556,0.414999999999999);
#37=CIRCLE('',#2563,0.414999999999999);
#38=CIRCLE('',#2565,0.164999999999998);
#39=FACE_OUTER_BOUND('',#492,.T.);
#40=FACE_OUTER_BOUND('',#493,.T.);
#41=FACE_OUTER_BOUND('',#494,.T.);
#42=FACE_OUTER_BOUND('',#507,.T.);
#43=FACE_OUTER_BOUND('',#508,.T.);
#44=FACE_OUTER_BOUND('',#509,.T.);
#45=FACE_OUTER_BOUND('',#510,.T.);
#46=FACE_OUTER_BOUND('',#511,.T.);
#47=FACE_OUTER_BOUND('',#514,.T.);
#48=FACE_OUTER_BOUND('',#517,.T.);
#49=FACE_OUTER_BOUND('',#518,.T.);
#50=FACE_OUTER_BOUND('',#522,.T.);
#51=FACE_OUTER_BOUND('',#523,.T.);
#52=FACE_OUTER_BOUND('',#524,.T.);
#53=FACE_OUTER_BOUND('',#525,.T.);
#54=FACE_OUTER_BOUND('',#526,.T.);
#55=FACE_OUTER_BOUND('',#529,.T.);
#56=FACE_OUTER_BOUND('',#530,.T.);
#57=FACE_OUTER_BOUND('',#531,.T.);
#58=FACE_OUTER_BOUND('',#532,.T.);
#59=FACE_OUTER_BOUND('',#533,.T.);
#60=FACE_OUTER_BOUND('',#536,.T.);
#61=FACE_OUTER_BOUND('',#537,.T.);
#62=FACE_OUTER_BOUND('',#538,.T.);
#63=FACE_OUTER_BOUND('',#539,.T.);
#64=FACE_OUTER_BOUND('',#540,.T.);
#65=FACE_OUTER_BOUND('',#541,.T.);
#66=FACE_OUTER_BOUND('',#542,.T.);
#67=FACE_OUTER_BOUND('',#543,.T.);
#68=FACE_OUTER_BOUND('',#544,.T.);
#69=FACE_OUTER_BOUND('',#545,.T.);
#70=FACE_OUTER_BOUND('',#546,.T.);
#71=FACE_OUTER_BOUND('',#547,.T.);
#72=FACE_OUTER_BOUND('',#550,.T.);
#73=FACE_OUTER_BOUND('',#551,.T.);
#74=FACE_OUTER_BOUND('',#552,.T.);
#75=FACE_OUTER_BOUND('',#553,.T.);
#76=FACE_OUTER_BOUND('',#554,.T.);
#77=FACE_OUTER_BOUND('',#557,.T.);
#78=FACE_OUTER_BOUND('',#558,.T.);
#79=FACE_OUTER_BOUND('',#559,.T.);
#80=FACE_OUTER_BOUND('',#560,.T.);
#81=FACE_OUTER_BOUND('',#561,.T.);
#82=FACE_OUTER_BOUND('',#564,.T.);
#83=FACE_OUTER_BOUND('',#565,.T.);
#84=FACE_OUTER_BOUND('',#566,.T.);
#85=FACE_OUTER_BOUND('',#567,.T.);
#86=FACE_OUTER_BOUND('',#568,.T.);
#87=FACE_OUTER_BOUND('',#571,.T.);
#88=FACE_OUTER_BOUND('',#572,.T.);
#89=FACE_OUTER_BOUND('',#573,.T.);
#90=FACE_OUTER_BOUND('',#574,.T.);
#91=FACE_OUTER_BOUND('',#575,.T.);
#92=FACE_OUTER_BOUND('',#576,.T.);
#93=FACE_OUTER_BOUND('',#577,.T.);
#94=FACE_OUTER_BOUND('',#578,.T.);
#95=FACE_OUTER_BOUND('',#579,.T.);
#96=FACE_OUTER_BOUND('',#580,.T.);
#97=FACE_OUTER_BOUND('',#581,.T.);
#98=FACE_OUTER_BOUND('',#582,.T.);
#99=FACE_OUTER_BOUND('',#583,.T.);
#100=FACE_OUTER_BOUND('',#584,.T.);
#101=FACE_OUTER_BOUND('',#585,.T.);
#102=FACE_OUTER_BOUND('',#586,.T.);
#103=FACE_OUTER_BOUND('',#587,.T.);
#104=FACE_OUTER_BOUND('',#588,.T.);
#105=FACE_OUTER_BOUND('',#589,.T.);
#106=FACE_OUTER_BOUND('',#590,.T.);
#107=FACE_OUTER_BOUND('',#591,.T.);
#108=FACE_OUTER_BOUND('',#592,.T.);
#109=FACE_OUTER_BOUND('',#593,.T.);
#110=FACE_OUTER_BOUND('',#594,.T.);
#111=FACE_OUTER_BOUND('',#595,.T.);
#112=FACE_OUTER_BOUND('',#596,.T.);
#113=FACE_OUTER_BOUND('',#597,.T.);
#114=FACE_OUTER_BOUND('',#598,.T.);
#115=FACE_OUTER_BOUND('',#599,.T.);
#116=FACE_OUTER_BOUND('',#600,.T.);
#117=FACE_OUTER_BOUND('',#601,.T.);
#118=FACE_OUTER_BOUND('',#602,.T.);
#119=FACE_OUTER_BOUND('',#603,.T.);
#120=FACE_OUTER_BOUND('',#604,.T.);
#121=FACE_OUTER_BOUND('',#605,.T.);
#122=FACE_OUTER_BOUND('',#606,.T.);
#123=FACE_OUTER_BOUND('',#607,.T.);
#124=FACE_OUTER_BOUND('',#608,.T.);
#125=FACE_OUTER_BOUND('',#609,.T.);
#126=FACE_OUTER_BOUND('',#610,.T.);
#127=FACE_OUTER_BOUND('',#611,.T.);
#128=FACE_OUTER_BOUND('',#612,.T.);
#129=FACE_OUTER_BOUND('',#613,.T.);
#130=FACE_OUTER_BOUND('',#614,.T.);
#131=FACE_OUTER_BOUND('',#615,.T.);
#132=FACE_OUTER_BOUND('',#616,.T.);
#133=FACE_OUTER_BOUND('',#617,.T.);
#134=FACE_OUTER_BOUND('',#618,.T.);
#135=FACE_OUTER_BOUND('',#619,.T.);
#136=FACE_OUTER_BOUND('',#620,.T.);
#137=FACE_OUTER_BOUND('',#621,.T.);
#138=FACE_OUTER_BOUND('',#622,.T.);
#139=FACE_OUTER_BOUND('',#623,.T.);
#140=FACE_OUTER_BOUND('',#624,.T.);
#141=FACE_OUTER_BOUND('',#625,.T.);
#142=FACE_OUTER_BOUND('',#626,.T.);
#143=FACE_OUTER_BOUND('',#627,.T.);
#144=FACE_OUTER_BOUND('',#628,.T.);
#145=FACE_OUTER_BOUND('',#629,.T.);
#146=FACE_OUTER_BOUND('',#630,.T.);
#147=FACE_OUTER_BOUND('',#631,.T.);
#148=FACE_OUTER_BOUND('',#632,.T.);
#149=FACE_OUTER_BOUND('',#633,.T.);
#150=FACE_OUTER_BOUND('',#634,.T.);
#151=FACE_OUTER_BOUND('',#635,.T.);
#152=FACE_OUTER_BOUND('',#636,.T.);
#153=FACE_OUTER_BOUND('',#637,.T.);
#154=FACE_OUTER_BOUND('',#638,.T.);
#155=FACE_OUTER_BOUND('',#639,.T.);
#156=FACE_OUTER_BOUND('',#640,.T.);
#157=FACE_OUTER_BOUND('',#641,.T.);
#158=FACE_OUTER_BOUND('',#642,.T.);
#159=FACE_OUTER_BOUND('',#643,.T.);
#160=FACE_OUTER_BOUND('',#644,.T.);
#161=FACE_OUTER_BOUND('',#645,.T.);
#162=FACE_OUTER_BOUND('',#646,.T.);
#163=FACE_OUTER_BOUND('',#647,.T.);
#164=FACE_OUTER_BOUND('',#648,.T.);
#165=FACE_OUTER_BOUND('',#649,.T.);
#166=FACE_OUTER_BOUND('',#650,.T.);
#167=ADVANCED_FACE('',(#445,#446,#447,#448,#449,#450,#451,#452),#307,.T.);
#168=ADVANCED_FACE('',(#39),#308,.F.);
#169=ADVANCED_FACE('',(#40),#309,.F.);
#170=ADVANCED_FACE('',(#41),#310,.F.);
#171=ADVANCED_FACE('',(#453,#454),#311,.F.);
#172=ADVANCED_FACE('',(#455,#456,#457,#458,#459,#460,#461,#462,#463,#464),
#312,.F.);
#173=ADVANCED_FACE('',(#42),#313,.F.);
#174=ADVANCED_FACE('',(#43),#314,.F.);
#175=ADVANCED_FACE('',(#44),#315,.F.);
#176=ADVANCED_FACE('',(#45),#316,.F.);
#177=ADVANCED_FACE('',(#46),#317,.T.);
#178=ADVANCED_FACE('',(#465,#466),#35,.T.);
#179=ADVANCED_FACE('',(#47),#318,.F.);
#180=ADVANCED_FACE('',(#467,#468),#34,.T.);
#181=ADVANCED_FACE('',(#48),#319,.T.);
#182=ADVANCED_FACE('',(#49),#320,.T.);
#183=ADVANCED_FACE('',(#469,#470,#471),#321,.T.);
#184=ADVANCED_FACE('',(#50),#322,.T.);
#185=ADVANCED_FACE('',(#51),#323,.T.);
#186=ADVANCED_FACE('',(#52),#324,.T.);
#187=ADVANCED_FACE('',(#53),#325,.T.);
#188=ADVANCED_FACE('',(#54),#326,.T.);
#189=ADVANCED_FACE('',(#472,#473),#327,.T.);
#190=ADVANCED_FACE('',(#55),#328,.T.);
#191=ADVANCED_FACE('',(#56),#329,.T.);
#192=ADVANCED_FACE('',(#57),#330,.T.);
#193=ADVANCED_FACE('',(#58),#331,.T.);
#194=ADVANCED_FACE('',(#59),#332,.T.);
#195=ADVANCED_FACE('',(#474,#475),#333,.T.);
#196=ADVANCED_FACE('',(#60),#334,.T.);
#197=ADVANCED_FACE('',(#61),#335,.T.);
#198=ADVANCED_FACE('',(#62),#336,.T.);
#199=ADVANCED_FACE('',(#63),#337,.T.);
#200=ADVANCED_FACE('',(#64),#338,.T.);
#201=ADVANCED_FACE('',(#65),#339,.T.);
#202=ADVANCED_FACE('',(#66),#340,.T.);
#203=ADVANCED_FACE('',(#67),#341,.T.);
#204=ADVANCED_FACE('',(#68),#342,.T.);
#205=ADVANCED_FACE('',(#69),#343,.T.);
#206=ADVANCED_FACE('',(#70),#344,.T.);
#207=ADVANCED_FACE('',(#71),#345,.T.);
#208=ADVANCED_FACE('',(#476,#477),#346,.T.);
#209=ADVANCED_FACE('',(#72),#347,.T.);
#210=ADVANCED_FACE('',(#73),#348,.T.);
#211=ADVANCED_FACE('',(#74),#349,.T.);
#212=ADVANCED_FACE('',(#75),#350,.T.);
#213=ADVANCED_FACE('',(#76),#351,.T.);
#214=ADVANCED_FACE('',(#478,#479),#352,.T.);
#215=ADVANCED_FACE('',(#77),#353,.T.);
#216=ADVANCED_FACE('',(#78),#354,.T.);
#217=ADVANCED_FACE('',(#79),#355,.T.);
#218=ADVANCED_FACE('',(#80),#356,.T.);
#219=ADVANCED_FACE('',(#81),#357,.T.);
#220=ADVANCED_FACE('',(#480,#481),#358,.T.);
#221=ADVANCED_FACE('',(#82),#359,.T.);
#222=ADVANCED_FACE('',(#83),#360,.T.);
#223=ADVANCED_FACE('',(#84),#361,.T.);
#224=ADVANCED_FACE('',(#85),#362,.T.);
#225=ADVANCED_FACE('',(#86),#363,.T.);
#226=ADVANCED_FACE('',(#482,#483),#364,.T.);
#227=ADVANCED_FACE('',(#87),#365,.T.);
#228=ADVANCED_FACE('',(#88),#366,.T.);
#229=ADVANCED_FACE('',(#89),#367,.T.);
#230=ADVANCED_FACE('',(#90),#368,.T.);
#231=ADVANCED_FACE('',(#91),#369,.T.);
#232=ADVANCED_FACE('',(#92),#370,.T.);
#233=ADVANCED_FACE('',(#93),#371,.T.);
#234=ADVANCED_FACE('',(#94),#372,.T.);
#235=ADVANCED_FACE('',(#95),#373,.T.);
#236=ADVANCED_FACE('',(#96),#374,.F.);
#237=ADVANCED_FACE('',(#97),#375,.T.);
#238=ADVANCED_FACE('',(#98),#376,.T.);
#239=ADVANCED_FACE('',(#99),#377,.T.);
#240=ADVANCED_FACE('',(#100),#378,.T.);
#241=ADVANCED_FACE('',(#101),#379,.T.);
#242=ADVANCED_FACE('',(#102),#380,.T.);
#243=ADVANCED_FACE('',(#103),#381,.T.);
#244=ADVANCED_FACE('',(#104),#382,.T.);
#245=ADVANCED_FACE('',(#105),#383,.T.);
#246=ADVANCED_FACE('',(#106),#384,.F.);
#247=ADVANCED_FACE('',(#107),#385,.T.);
#248=ADVANCED_FACE('',(#108),#386,.T.);
#249=ADVANCED_FACE('',(#109),#387,.T.);
#250=ADVANCED_FACE('',(#110),#388,.T.);
#251=ADVANCED_FACE('',(#111),#389,.T.);
#252=ADVANCED_FACE('',(#112),#390,.T.);
#253=ADVANCED_FACE('',(#113),#391,.T.);
#254=ADVANCED_FACE('',(#114),#392,.T.);
#255=ADVANCED_FACE('',(#115),#393,.T.);
#256=ADVANCED_FACE('',(#116),#394,.T.);
#257=ADVANCED_FACE('',(#117),#395,.T.);
#258=ADVANCED_FACE('',(#118),#396,.T.);
#259=ADVANCED_FACE('',(#119),#397,.T.);
#260=ADVANCED_FACE('',(#120),#398,.T.);
#261=ADVANCED_FACE('',(#121),#399,.T.);
#262=ADVANCED_FACE('',(#122),#400,.T.);
#263=ADVANCED_FACE('',(#123),#401,.T.);
#264=ADVANCED_FACE('',(#124),#402,.T.);
#265=ADVANCED_FACE('',(#125),#403,.T.);
#266=ADVANCED_FACE('',(#126),#404,.F.);
#267=ADVANCED_FACE('',(#127),#405,.T.);
#268=ADVANCED_FACE('',(#128),#406,.T.);
#269=ADVANCED_FACE('',(#129),#407,.T.);
#270=ADVANCED_FACE('',(#130),#408,.T.);
#271=ADVANCED_FACE('',(#131),#409,.F.);
#272=ADVANCED_FACE('',(#132),#410,.T.);
#273=ADVANCED_FACE('',(#133),#411,.T.);
#274=ADVANCED_FACE('',(#134),#412,.T.);
#275=ADVANCED_FACE('',(#135),#413,.T.);
#276=ADVANCED_FACE('',(#136),#414,.F.);
#277=ADVANCED_FACE('',(#137),#415,.T.);
#278=ADVANCED_FACE('',(#138),#416,.T.);
#279=ADVANCED_FACE('',(#139),#417,.T.);
#280=ADVANCED_FACE('',(#140),#418,.T.);
#281=ADVANCED_FACE('',(#141),#419,.T.);
#282=ADVANCED_FACE('',(#142),#420,.T.);
#283=ADVANCED_FACE('',(#143),#421,.T.);
#284=ADVANCED_FACE('',(#144),#422,.T.);
#285=ADVANCED_FACE('',(#145),#423,.T.);
#286=ADVANCED_FACE('',(#146),#424,.T.);
#287=ADVANCED_FACE('',(#147),#425,.T.);
#288=ADVANCED_FACE('',(#148),#426,.T.);
#289=ADVANCED_FACE('',(#149),#427,.T.);
#290=ADVANCED_FACE('',(#150),#428,.T.);
#291=ADVANCED_FACE('',(#151),#429,.T.);
#292=ADVANCED_FACE('',(#152),#430,.T.);
#293=ADVANCED_FACE('',(#153),#431,.T.);
#294=ADVANCED_FACE('',(#154),#432,.T.);
#295=ADVANCED_FACE('',(#155),#433,.T.);
#296=ADVANCED_FACE('',(#156),#434,.F.);
#297=ADVANCED_FACE('',(#157),#435,.T.);
#298=ADVANCED_FACE('',(#158),#436,.T.);
#299=ADVANCED_FACE('',(#159),#437,.T.);
#300=ADVANCED_FACE('',(#160),#438,.T.);
#301=ADVANCED_FACE('',(#161),#439,.F.);
#302=ADVANCED_FACE('',(#162),#440,.T.);
#303=ADVANCED_FACE('',(#163),#441,.T.);
#304=ADVANCED_FACE('',(#164),#442,.T.);
#305=ADVANCED_FACE('',(#165),#443,.T.);
#306=ADVANCED_FACE('',(#166),#444,.F.);
#307=PLANE('',#2551);
#308=PLANE('',#2552);
#309=PLANE('',#2553);
#310=PLANE('',#2554);
#311=PLANE('',#2555);
#312=PLANE('',#2557);
#313=PLANE('',#2558);
#314=PLANE('',#2559);
#315=PLANE('',#2560);
#316=PLANE('',#2561);
#317=PLANE('',#2562);
#318=PLANE('',#2566);
#319=PLANE('',#2568);
#320=PLANE('',#2569);
#321=PLANE('',#2570);
#322=PLANE('',#2571);
#323=PLANE('',#2572);
#324=PLANE('',#2573);
#325=PLANE('',#2574);
#326=PLANE('',#2575);
#327=PLANE('',#2576);
#328=PLANE('',#2577);
#329=PLANE('',#2578);
#330=PLANE('',#2579);
#331=PLANE('',#2580);
#332=PLANE('',#2581);
#333=PLANE('',#2582);
#334=PLANE('',#2583);
#335=PLANE('',#2584);
#336=PLANE('',#2585);
#337=PLANE('',#2586);
#338=PLANE('',#2587);
#339=PLANE('',#2588);
#340=PLANE('',#2589);
#341=PLANE('',#2590);
#342=PLANE('',#2591);
#343=PLANE('',#2592);
#344=PLANE('',#2593);
#345=PLANE('',#2594);
#346=PLANE('',#2595);
#347=PLANE('',#2596);
#348=PLANE('',#2597);
#349=PLANE('',#2598);
#350=PLANE('',#2599);
#351=PLANE('',#2600);
#352=PLANE('',#2601);
#353=PLANE('',#2602);
#354=PLANE('',#2603);
#355=PLANE('',#2604);
#356=PLANE('',#2605);
#357=PLANE('',#2606);
#358=PLANE('',#2607);
#359=PLANE('',#2608);
#360=PLANE('',#2609);
#361=PLANE('',#2610);
#362=PLANE('',#2611);
#363=PLANE('',#2612);
#364=PLANE('',#2613);
#365=PLANE('',#2614);
#366=PLANE('',#2615);
#367=PLANE('',#2616);
#368=PLANE('',#2617);
#369=PLANE('',#2618);
#370=PLANE('',#2619);
#371=PLANE('',#2620);
#372=PLANE('',#2621);
#373=PLANE('',#2622);
#374=PLANE('',#2623);
#375=PLANE('',#2624);
#376=PLANE('',#2625);
#377=PLANE('',#2626);
#378=PLANE('',#2627);
#379=PLANE('',#2628);
#380=PLANE('',#2629);
#381=PLANE('',#2630);
#382=PLANE('',#2631);
#383=PLANE('',#2632);
#384=PLANE('',#2633);
#385=PLANE('',#2634);
#386=PLANE('',#2635);
#387=PLANE('',#2636);
#388=PLANE('',#2637);
#389=PLANE('',#2638);
#390=PLANE('',#2639);
#391=PLANE('',#2640);
#392=PLANE('',#2641);
#393=PLANE('',#2642);
#394=PLANE('',#2643);
#395=PLANE('',#2644);
#396=PLANE('',#2645);
#397=PLANE('',#2646);
#398=PLANE('',#2647);
#399=PLANE('',#2648);
#400=PLANE('',#2649);
#401=PLANE('',#2650);
#402=PLANE('',#2651);
#403=PLANE('',#2652);
#404=PLANE('',#2653);
#405=PLANE('',#2654);
#406=PLANE('',#2655);
#407=PLANE('',#2656);
#408=PLANE('',#2657);
#409=PLANE('',#2658);
#410=PLANE('',#2659);
#411=PLANE('',#2660);
#412=PLANE('',#2661);
#413=PLANE('',#2662);
#414=PLANE('',#2663);
#415=PLANE('',#2664);
#416=PLANE('',#2665);
#417=PLANE('',#2666);
#418=PLANE('',#2667);
#419=PLANE('',#2668);
#420=PLANE('',#2669);
#421=PLANE('',#2670);
#422=PLANE('',#2671);
#423=PLANE('',#2672);
#424=PLANE('',#2673);
#425=PLANE('',#2674);
#426=PLANE('',#2675);
#427=PLANE('',#2676);
#428=PLANE('',#2677);
#429=PLANE('',#2678);
#430=PLANE('',#2679);
#431=PLANE('',#2680);
#432=PLANE('',#2681);
#433=PLANE('',#2682);
#434=PLANE('',#2683);
#435=PLANE('',#2684);
#436=PLANE('',#2685);
#437=PLANE('',#2686);
#438=PLANE('',#2687);
#439=PLANE('',#2688);
#440=PLANE('',#2689);
#441=PLANE('',#2690);
#442=PLANE('',#2691);
#443=PLANE('',#2692);
#444=PLANE('',#2693);
#445=FACE_BOUND('',#484,.T.);
#446=FACE_BOUND('',#485,.T.);
#447=FACE_BOUND('',#486,.T.);
#448=FACE_BOUND('',#487,.T.);
#449=FACE_BOUND('',#488,.T.);
#450=FACE_BOUND('',#489,.T.);
#451=FACE_BOUND('',#490,.T.);
#452=FACE_BOUND('',#491,.T.);
#453=FACE_BOUND('',#495,.T.);
#454=FACE_BOUND('',#496,.T.);
#455=FACE_BOUND('',#497,.T.);
#456=FACE_BOUND('',#498,.T.);
#457=FACE_BOUND('',#499,.T.);
#458=FACE_BOUND('',#500,.T.);
#459=FACE_BOUND('',#501,.T.);
#460=FACE_BOUND('',#502,.T.);
#461=FACE_BOUND('',#503,.T.);
#462=FACE_BOUND('',#504,.T.);
#463=FACE_BOUND('',#505,.T.);
#464=FACE_BOUND('',#506,.T.);
#465=FACE_BOUND('',#512,.T.);
#466=FACE_BOUND('',#513,.T.);
#467=FACE_BOUND('',#515,.T.);
#468=FACE_BOUND('',#516,.T.);
#469=FACE_BOUND('',#519,.T.);
#470=FACE_BOUND('',#520,.T.);
#471=FACE_BOUND('',#521,.T.);
#472=FACE_BOUND('',#527,.T.);
#473=FACE_BOUND('',#528,.T.);
#474=FACE_BOUND('',#534,.T.);
#475=FACE_BOUND('',#535,.T.);
#476=FACE_BOUND('',#548,.T.);
#477=FACE_BOUND('',#549,.T.);
#478=FACE_BOUND('',#555,.T.);
#479=FACE_BOUND('',#556,.T.);
#480=FACE_BOUND('',#562,.T.);
#481=FACE_BOUND('',#563,.T.);
#482=FACE_BOUND('',#569,.T.);
#483=FACE_BOUND('',#570,.T.);
#484=EDGE_LOOP('',(#651,#652,#653,#654,#655,#656,#657,#658,#659,#660));
#485=EDGE_LOOP('',(#661,#662,#663,#664));
#486=EDGE_LOOP('',(#665,#666,#667,#668,#669));
#487=EDGE_LOOP('',(#670,#671,#672,#673,#674));
#488=EDGE_LOOP('',(#675,#676,#677,#678));
#489=EDGE_LOOP('',(#679,#680,#681,#682,#683));
#490=EDGE_LOOP('',(#684,#685,#686,#687,#688));
#491=EDGE_LOOP('',(#689,#690,#691,#692,#693));
#492=EDGE_LOOP('',(#694,#695,#696,#697));
#493=EDGE_LOOP('',(#698,#699,#700,#701));
#494=EDGE_LOOP('',(#702,#703,#704,#705));
#495=EDGE_LOOP('',(#706,#707,#708,#709));
#496=EDGE_LOOP('',(#710,#711,#712,#713));
#497=EDGE_LOOP('',(#714,#715,#716,#717));
#498=EDGE_LOOP('',(#718,#719,#720,#721));
#499=EDGE_LOOP('',(#722,#723,#724,#725));
#500=EDGE_LOOP('',(#726,#727,#728,#729));
#501=EDGE_LOOP('',(#730,#731,#732,#733));
#502=EDGE_LOOP('',(#734,#735,#736,#737));
#503=EDGE_LOOP('',(#738,#739,#740,#741));
#504=EDGE_LOOP('',(#742,#743,#744,#745));
#505=EDGE_LOOP('',(#746));
#506=EDGE_LOOP('',(#747,#748,#749,#750));
#507=EDGE_LOOP('',(#751,#752,#753,#754));
#508=EDGE_LOOP('',(#755,#756,#757,#758));
#509=EDGE_LOOP('',(#759,#760,#761,#762));
#510=EDGE_LOOP('',(#763,#764,#765,#766));
#511=EDGE_LOOP('',(#767,#768,#769,#770));
#512=EDGE_LOOP('',(#771));
#513=EDGE_LOOP('',(#772));
#514=EDGE_LOOP('',(#773));
#515=EDGE_LOOP('',(#774));
#516=EDGE_LOOP('',(#775));
#517=EDGE_LOOP('',(#776,#777,#778,#779));
#518=EDGE_LOOP('',(#780,#781,#782,#783));
#519=EDGE_LOOP('',(#784,#785,#786,#787));
#520=EDGE_LOOP('',(#788,#789,#790,#791));
#521=EDGE_LOOP('',(#792,#793,#794,#795,#796,#797,#798,#799,#800,#801));
#522=EDGE_LOOP('',(#802,#803,#804,#805));
#523=EDGE_LOOP('',(#806,#807,#808,#809));
#524=EDGE_LOOP('',(#810,#811,#812,#813));
#525=EDGE_LOOP('',(#814,#815,#816,#817));
#526=EDGE_LOOP('',(#818,#819,#820,#821));
#527=EDGE_LOOP('',(#822,#823,#824,#825));
#528=EDGE_LOOP('',(#826,#827,#828,#829,#830));
#529=EDGE_LOOP('',(#831,#832,#833,#834));
#530=EDGE_LOOP('',(#835,#836,#837,#838));
#531=EDGE_LOOP('',(#839,#840,#841,#842));
#532=EDGE_LOOP('',(#843,#844,#845,#846));
#533=EDGE_LOOP('',(#847,#848,#849,#850));
#534=EDGE_LOOP('',(#851,#852,#853,#854));
#535=EDGE_LOOP('',(#855,#856,#857,#858,#859));
#536=EDGE_LOOP('',(#860,#861,#862,#863));
#537=EDGE_LOOP('',(#864,#865,#866,#867));
#538=EDGE_LOOP('',(#868,#869,#870,#871));
#539=EDGE_LOOP('',(#872,#873,#874,#875));
#540=EDGE_LOOP('',(#876,#877,#878,#879));
#541=EDGE_LOOP('',(#880,#881,#882,#883));
#542=EDGE_LOOP('',(#884,#885,#886,#887));
#543=EDGE_LOOP('',(#888,#889,#890,#891));
#544=EDGE_LOOP('',(#892,#893,#894,#895));
#545=EDGE_LOOP('',(#896,#897,#898,#899));
#546=EDGE_LOOP('',(#900,#901,#902,#903));
#547=EDGE_LOOP('',(#904,#905,#906,#907));
#548=EDGE_LOOP('',(#908,#909,#910,#911));
#549=EDGE_LOOP('',(#912,#913,#914,#915));
#550=EDGE_LOOP('',(#916,#917,#918,#919));
#551=EDGE_LOOP('',(#920,#921,#922,#923));
#552=EDGE_LOOP('',(#924,#925,#926,#927));
#553=EDGE_LOOP('',(#928,#929,#930,#931));
#554=EDGE_LOOP('',(#932,#933,#934,#935));
#555=EDGE_LOOP('',(#936,#937,#938,#939));
#556=EDGE_LOOP('',(#940,#941,#942,#943,#944));
#557=EDGE_LOOP('',(#945,#946,#947,#948));
#558=EDGE_LOOP('',(#949,#950,#951,#952));
#559=EDGE_LOOP('',(#953,#954,#955,#956));
#560=EDGE_LOOP('',(#957,#958,#959,#960));
#561=EDGE_LOOP('',(#961,#962,#963,#964));
#562=EDGE_LOOP('',(#965,#966,#967,#968));
#563=EDGE_LOOP('',(#969,#970,#971,#972,#973));
#564=EDGE_LOOP('',(#974,#975,#976,#977));
#565=EDGE_LOOP('',(#978,#979,#980,#981));
#566=EDGE_LOOP('',(#982,#983,#984,#985));
#567=EDGE_LOOP('',(#986,#987,#988,#989));
#568=EDGE_LOOP('',(#990,#991,#992,#993));
#569=EDGE_LOOP('',(#994,#995,#996,#997));
#570=EDGE_LOOP('',(#998,#999,#1000,#1001,#1002));
#571=EDGE_LOOP('',(#1003,#1004,#1005,#1006));
#572=EDGE_LOOP('',(#1007,#1008,#1009,#1010));
#573=EDGE_LOOP('',(#1011,#1012,#1013,#1014));
#574=EDGE_LOOP('',(#1015,#1016,#1017,#1018));
#575=EDGE_LOOP('',(#1019,#1020,#1021,#1022));
#576=EDGE_LOOP('',(#1023,#1024,#1025,#1026));
#577=EDGE_LOOP('',(#1027,#1028,#1029,#1030));
#578=EDGE_LOOP('',(#1031,#1032,#1033,#1034));
#579=EDGE_LOOP('',(#1035,#1036,#1037,#1038));
#580=EDGE_LOOP('',(#1039,#1040,#1041,#1042));
#581=EDGE_LOOP('',(#1043,#1044,#1045,#1046));
#582=EDGE_LOOP('',(#1047,#1048,#1049,#1050));
#583=EDGE_LOOP('',(#1051,#1052,#1053,#1054));
#584=EDGE_LOOP('',(#1055,#1056,#1057,#1058));
#585=EDGE_LOOP('',(#1059,#1060,#1061,#1062));
#586=EDGE_LOOP('',(#1063,#1064,#1065,#1066));
#587=EDGE_LOOP('',(#1067,#1068,#1069,#1070));
#588=EDGE_LOOP('',(#1071,#1072,#1073,#1074));
#589=EDGE_LOOP('',(#1075,#1076,#1077,#1078));
#590=EDGE_LOOP('',(#1079,#1080,#1081,#1082));
#591=EDGE_LOOP('',(#1083,#1084,#1085,#1086));
#592=EDGE_LOOP('',(#1087,#1088,#1089,#1090));
#593=EDGE_LOOP('',(#1091,#1092,#1093,#1094));
#594=EDGE_LOOP('',(#1095,#1096,#1097,#1098));
#595=EDGE_LOOP('',(#1099,#1100,#1101,#1102));
#596=EDGE_LOOP('',(#1103,#1104,#1105,#1106));
#597=EDGE_LOOP('',(#1107,#1108,#1109,#1110));
#598=EDGE_LOOP('',(#1111,#1112,#1113,#1114));
#599=EDGE_LOOP('',(#1115,#1116,#1117,#1118));
#600=EDGE_LOOP('',(#1119,#1120,#1121,#1122));
#601=EDGE_LOOP('',(#1123,#1124,#1125,#1126));
#602=EDGE_LOOP('',(#1127,#1128,#1129,#1130));
#603=EDGE_LOOP('',(#1131,#1132,#1133,#1134));
#604=EDGE_LOOP('',(#1135,#1136,#1137,#1138));
#605=EDGE_LOOP('',(#1139,#1140,#1141,#1142));
#606=EDGE_LOOP('',(#1143,#1144,#1145,#1146));
#607=EDGE_LOOP('',(#1147,#1148,#1149,#1150));
#608=EDGE_LOOP('',(#1151,#1152,#1153,#1154));
#609=EDGE_LOOP('',(#1155,#1156,#1157,#1158));
#610=EDGE_LOOP('',(#1159,#1160,#1161,#1162));
#611=EDGE_LOOP('',(#1163,#1164,#1165,#1166));
#612=EDGE_LOOP('',(#1167,#1168,#1169,#1170));
#613=EDGE_LOOP('',(#1171,#1172,#1173,#1174));
#614=EDGE_LOOP('',(#1175,#1176,#1177,#1178));
#615=EDGE_LOOP('',(#1179,#1180,#1181,#1182));
#616=EDGE_LOOP('',(#1183,#1184,#1185,#1186));
#617=EDGE_LOOP('',(#1187,#1188,#1189,#1190));
#618=EDGE_LOOP('',(#1191,#1192,#1193,#1194));
#619=EDGE_LOOP('',(#1195,#1196,#1197,#1198));
#620=EDGE_LOOP('',(#1199,#1200,#1201,#1202));
#621=EDGE_LOOP('',(#1203,#1204,#1205,#1206));
#622=EDGE_LOOP('',(#1207,#1208,#1209,#1210));
#623=EDGE_LOOP('',(#1211,#1212,#1213,#1214));
#624=EDGE_LOOP('',(#1215,#1216,#1217,#1218));
#625=EDGE_LOOP('',(#1219,#1220,#1221,#1222));
#626=EDGE_LOOP('',(#1223,#1224,#1225,#1226));
#627=EDGE_LOOP('',(#1227,#1228,#1229,#1230));
#628=EDGE_LOOP('',(#1231,#1232,#1233,#1234));
#629=EDGE_LOOP('',(#1235,#1236,#1237,#1238));
#630=EDGE_LOOP('',(#1239,#1240,#1241,#1242));
#631=EDGE_LOOP('',(#1243,#1244,#1245,#1246));
#632=EDGE_LOOP('',(#1247,#1248,#1249,#1250));
#633=EDGE_LOOP('',(#1251,#1252,#1253,#1254));
#634=EDGE_LOOP('',(#1255,#1256,#1257,#1258));
#635=EDGE_LOOP('',(#1259,#1260,#1261,#1262));
#636=EDGE_LOOP('',(#1263,#1264,#1265,#1266));
#637=EDGE_LOOP('',(#1267,#1268,#1269,#1270));
#638=EDGE_LOOP('',(#1271,#1272,#1273,#1274));
#639=EDGE_LOOP('',(#1275,#1276,#1277,#1278));
#640=EDGE_LOOP('',(#1279,#1280,#1281,#1282));
#641=EDGE_LOOP('',(#1283,#1284,#1285,#1286));
#642=EDGE_LOOP('',(#1287,#1288,#1289,#1290));
#643=EDGE_LOOP('',(#1291,#1292,#1293,#1294));
#644=EDGE_LOOP('',(#1295,#1296,#1297,#1298));
#645=EDGE_LOOP('',(#1299,#1300,#1301,#1302));
#646=EDGE_LOOP('',(#1303,#1304,#1305,#1306));
#647=EDGE_LOOP('',(#1307,#1308,#1309,#1310));
#648=EDGE_LOOP('',(#1311,#1312,#1313,#1314));
#649=EDGE_LOOP('',(#1315,#1316,#1317,#1318));
#650=EDGE_LOOP('',(#1319,#1320,#1321,#1322));
#651=ORIENTED_EDGE('',*,*,#1548,.F.);
#652=ORIENTED_EDGE('',*,*,#1549,.F.);
#653=ORIENTED_EDGE('',*,*,#1550,.F.);
#654=ORIENTED_EDGE('',*,*,#1551,.F.);
#655=ORIENTED_EDGE('',*,*,#1552,.F.);
#656=ORIENTED_EDGE('',*,*,#1553,.F.);
#657=ORIENTED_EDGE('',*,*,#1554,.F.);
#658=ORIENTED_EDGE('',*,*,#1555,.F.);
#659=ORIENTED_EDGE('',*,*,#1556,.F.);
#660=ORIENTED_EDGE('',*,*,#1557,.F.);
#661=ORIENTED_EDGE('',*,*,#1558,.T.);
#662=ORIENTED_EDGE('',*,*,#1559,.T.);
#663=ORIENTED_EDGE('',*,*,#1560,.T.);
#664=ORIENTED_EDGE('',*,*,#1561,.T.);
#665=ORIENTED_EDGE('',*,*,#1562,.F.);
#666=ORIENTED_EDGE('',*,*,#1563,.F.);
#667=ORIENTED_EDGE('',*,*,#1564,.F.);
#668=ORIENTED_EDGE('',*,*,#1565,.F.);
#669=ORIENTED_EDGE('',*,*,#1566,.F.);
#670=ORIENTED_EDGE('',*,*,#1567,.F.);
#671=ORIENTED_EDGE('',*,*,#1568,.F.);
#672=ORIENTED_EDGE('',*,*,#1569,.F.);
#673=ORIENTED_EDGE('',*,*,#1570,.F.);
#674=ORIENTED_EDGE('',*,*,#1571,.F.);
#675=ORIENTED_EDGE('',*,*,#1572,.F.);
#676=ORIENTED_EDGE('',*,*,#1573,.F.);
#677=ORIENTED_EDGE('',*,*,#1574,.F.);
#678=ORIENTED_EDGE('',*,*,#1575,.F.);
#679=ORIENTED_EDGE('',*,*,#1576,.F.);
#680=ORIENTED_EDGE('',*,*,#1577,.F.);
#681=ORIENTED_EDGE('',*,*,#1578,.F.);
#682=ORIENTED_EDGE('',*,*,#1579,.F.);
#683=ORIENTED_EDGE('',*,*,#1580,.F.);
#684=ORIENTED_EDGE('',*,*,#1581,.F.);
#685=ORIENTED_EDGE('',*,*,#1582,.F.);
#686=ORIENTED_EDGE('',*,*,#1583,.F.);
#687=ORIENTED_EDGE('',*,*,#1584,.F.);
#688=ORIENTED_EDGE('',*,*,#1585,.F.);
#689=ORIENTED_EDGE('',*,*,#1586,.F.);
#690=ORIENTED_EDGE('',*,*,#1587,.F.);
#691=ORIENTED_EDGE('',*,*,#1588,.F.);
#692=ORIENTED_EDGE('',*,*,#1589,.F.);
#693=ORIENTED_EDGE('',*,*,#1590,.F.);
#694=ORIENTED_EDGE('',*,*,#1591,.T.);
#695=ORIENTED_EDGE('',*,*,#1592,.F.);
#696=ORIENTED_EDGE('',*,*,#1558,.F.);
#697=ORIENTED_EDGE('',*,*,#1593,.T.);
#698=ORIENTED_EDGE('',*,*,#1594,.T.);
#699=ORIENTED_EDGE('',*,*,#1595,.F.);
#700=ORIENTED_EDGE('',*,*,#1559,.F.);
#701=ORIENTED_EDGE('',*,*,#1592,.T.);
#702=ORIENTED_EDGE('',*,*,#1596,.T.);
#703=ORIENTED_EDGE('',*,*,#1597,.F.);
#704=ORIENTED_EDGE('',*,*,#1560,.F.);
#705=ORIENTED_EDGE('',*,*,#1595,.T.);
#706=ORIENTED_EDGE('',*,*,#1598,.T.);
#707=ORIENTED_EDGE('',*,*,#1599,.T.);
#708=ORIENTED_EDGE('',*,*,#1600,.F.);
#709=ORIENTED_EDGE('',*,*,#1601,.F.);
#710=ORIENTED_EDGE('',*,*,#1602,.T.);
#711=ORIENTED_EDGE('',*,*,#1593,.F.);
#712=ORIENTED_EDGE('',*,*,#1561,.F.);
#713=ORIENTED_EDGE('',*,*,#1597,.T.);
#714=ORIENTED_EDGE('',*,*,#1603,.T.);
#715=ORIENTED_EDGE('',*,*,#1604,.T.);
#716=ORIENTED_EDGE('',*,*,#1605,.T.);
#717=ORIENTED_EDGE('',*,*,#1606,.T.);
#718=ORIENTED_EDGE('',*,*,#1607,.T.);
#719=ORIENTED_EDGE('',*,*,#1608,.T.);
#720=ORIENTED_EDGE('',*,*,#1609,.T.);
#721=ORIENTED_EDGE('',*,*,#1610,.T.);
#722=ORIENTED_EDGE('',*,*,#1611,.T.);
#723=ORIENTED_EDGE('',*,*,#1612,.T.);
#724=ORIENTED_EDGE('',*,*,#1613,.T.);
#725=ORIENTED_EDGE('',*,*,#1614,.T.);
#726=ORIENTED_EDGE('',*,*,#1615,.T.);
#727=ORIENTED_EDGE('',*,*,#1616,.T.);
#728=ORIENTED_EDGE('',*,*,#1617,.T.);
#729=ORIENTED_EDGE('',*,*,#1618,.T.);
#730=ORIENTED_EDGE('',*,*,#1619,.T.);
#731=ORIENTED_EDGE('',*,*,#1620,.T.);
#732=ORIENTED_EDGE('',*,*,#1621,.T.);
#733=ORIENTED_EDGE('',*,*,#1622,.T.);
#734=ORIENTED_EDGE('',*,*,#1623,.T.);
#735=ORIENTED_EDGE('',*,*,#1624,.T.);
#736=ORIENTED_EDGE('',*,*,#1625,.T.);
#737=ORIENTED_EDGE('',*,*,#1626,.T.);
#738=ORIENTED_EDGE('',*,*,#1627,.T.);
#739=ORIENTED_EDGE('',*,*,#1628,.T.);
#740=ORIENTED_EDGE('',*,*,#1629,.T.);
#741=ORIENTED_EDGE('',*,*,#1630,.T.);
#742=ORIENTED_EDGE('',*,*,#1631,.T.);
#743=ORIENTED_EDGE('',*,*,#1632,.T.);
#744=ORIENTED_EDGE('',*,*,#1633,.T.);
#745=ORIENTED_EDGE('',*,*,#1634,.T.);
#746=ORIENTED_EDGE('',*,*,#1635,.T.);
#747=ORIENTED_EDGE('',*,*,#1591,.F.);
#748=ORIENTED_EDGE('',*,*,#1602,.F.);
#749=ORIENTED_EDGE('',*,*,#1596,.F.);
#750=ORIENTED_EDGE('',*,*,#1594,.F.);
#751=ORIENTED_EDGE('',*,*,#1636,.T.);
#752=ORIENTED_EDGE('',*,*,#1598,.F.);
#753=ORIENTED_EDGE('',*,*,#1637,.F.);
#754=ORIENTED_EDGE('',*,*,#1638,.T.);
#755=ORIENTED_EDGE('',*,*,#1639,.T.);
#756=ORIENTED_EDGE('',*,*,#1640,.F.);
#757=ORIENTED_EDGE('',*,*,#1641,.F.);
#758=ORIENTED_EDGE('',*,*,#1600,.T.);
#759=ORIENTED_EDGE('',*,*,#1642,.T.);
#760=ORIENTED_EDGE('',*,*,#1638,.F.);
#761=ORIENTED_EDGE('',*,*,#1643,.F.);
#762=ORIENTED_EDGE('',*,*,#1640,.T.);
#763=ORIENTED_EDGE('',*,*,#1637,.T.);
#764=ORIENTED_EDGE('',*,*,#1601,.T.);
#765=ORIENTED_EDGE('',*,*,#1641,.T.);
#766=ORIENTED_EDGE('',*,*,#1643,.T.);
#767=ORIENTED_EDGE('',*,*,#1636,.F.);
#768=ORIENTED_EDGE('',*,*,#1642,.F.);
#769=ORIENTED_EDGE('',*,*,#1639,.F.);
#770=ORIENTED_EDGE('',*,*,#1599,.F.);
#771=ORIENTED_EDGE('',*,*,#1644,.T.);
#772=ORIENTED_EDGE('',*,*,#1635,.F.);
#773=ORIENTED_EDGE('',*,*,#1645,.T.);
#774=ORIENTED_EDGE('',*,*,#1645,.F.);
#775=ORIENTED_EDGE('',*,*,#1644,.F.);
#776=ORIENTED_EDGE('',*,*,#1646,.T.);
#777=ORIENTED_EDGE('',*,*,#1647,.T.);
#778=ORIENTED_EDGE('',*,*,#1554,.T.);
#779=ORIENTED_EDGE('',*,*,#1648,.F.);
#780=ORIENTED_EDGE('',*,*,#1649,.T.);
#781=ORIENTED_EDGE('',*,*,#1650,.F.);
#782=ORIENTED_EDGE('',*,*,#1549,.T.);
#783=ORIENTED_EDGE('',*,*,#1651,.T.);
#784=ORIENTED_EDGE('',*,*,#1652,.F.);
#785=ORIENTED_EDGE('',*,*,#1653,.F.);
#786=ORIENTED_EDGE('',*,*,#1654,.F.);
#787=ORIENTED_EDGE('',*,*,#1655,.F.);
#788=ORIENTED_EDGE('',*,*,#1656,.F.);
#789=ORIENTED_EDGE('',*,*,#1657,.F.);
#790=ORIENTED_EDGE('',*,*,#1658,.F.);
#791=ORIENTED_EDGE('',*,*,#1659,.F.);
#792=ORIENTED_EDGE('',*,*,#1646,.F.);
#793=ORIENTED_EDGE('',*,*,#1660,.T.);
#794=ORIENTED_EDGE('',*,*,#1661,.T.);
#795=ORIENTED_EDGE('',*,*,#1662,.T.);
#796=ORIENTED_EDGE('',*,*,#1663,.T.);
#797=ORIENTED_EDGE('',*,*,#1649,.F.);
#798=ORIENTED_EDGE('',*,*,#1664,.T.);
#799=ORIENTED_EDGE('',*,*,#1665,.T.);
#800=ORIENTED_EDGE('',*,*,#1666,.T.);
#801=ORIENTED_EDGE('',*,*,#1667,.T.);
#802=ORIENTED_EDGE('',*,*,#1668,.T.);
#803=ORIENTED_EDGE('',*,*,#1669,.T.);
#804=ORIENTED_EDGE('',*,*,#1563,.T.);
#805=ORIENTED_EDGE('',*,*,#1670,.F.);
#806=ORIENTED_EDGE('',*,*,#1671,.T.);
#807=ORIENTED_EDGE('',*,*,#1670,.T.);
#808=ORIENTED_EDGE('',*,*,#1562,.T.);
#809=ORIENTED_EDGE('',*,*,#1672,.F.);
#810=ORIENTED_EDGE('',*,*,#1673,.T.);
#811=ORIENTED_EDGE('',*,*,#1672,.T.);
#812=ORIENTED_EDGE('',*,*,#1566,.T.);
#813=ORIENTED_EDGE('',*,*,#1674,.F.);
#814=ORIENTED_EDGE('',*,*,#1675,.T.);
#815=ORIENTED_EDGE('',*,*,#1674,.T.);
#816=ORIENTED_EDGE('',*,*,#1565,.T.);
#817=ORIENTED_EDGE('',*,*,#1676,.F.);
#818=ORIENTED_EDGE('',*,*,#1677,.T.);
#819=ORIENTED_EDGE('',*,*,#1676,.T.);
#820=ORIENTED_EDGE('',*,*,#1564,.T.);
#821=ORIENTED_EDGE('',*,*,#1669,.F.);
#822=ORIENTED_EDGE('',*,*,#1678,.F.);
#823=ORIENTED_EDGE('',*,*,#1679,.F.);
#824=ORIENTED_EDGE('',*,*,#1680,.F.);
#825=ORIENTED_EDGE('',*,*,#1681,.F.);
#826=ORIENTED_EDGE('',*,*,#1668,.F.);
#827=ORIENTED_EDGE('',*,*,#1671,.F.);
#828=ORIENTED_EDGE('',*,*,#1673,.F.);
#829=ORIENTED_EDGE('',*,*,#1675,.F.);
#830=ORIENTED_EDGE('',*,*,#1677,.F.);
#831=ORIENTED_EDGE('',*,*,#1682,.T.);
#832=ORIENTED_EDGE('',*,*,#1683,.T.);
#833=ORIENTED_EDGE('',*,*,#1568,.T.);
#834=ORIENTED_EDGE('',*,*,#1684,.F.);
#835=ORIENTED_EDGE('',*,*,#1685,.T.);
#836=ORIENTED_EDGE('',*,*,#1684,.T.);
#837=ORIENTED_EDGE('',*,*,#1567,.T.);
#838=ORIENTED_EDGE('',*,*,#1686,.F.);
#839=ORIENTED_EDGE('',*,*,#1687,.T.);
#840=ORIENTED_EDGE('',*,*,#1686,.T.);
#841=ORIENTED_EDGE('',*,*,#1571,.T.);
#842=ORIENTED_EDGE('',*,*,#1688,.F.);
#843=ORIENTED_EDGE('',*,*,#1689,.T.);
#844=ORIENTED_EDGE('',*,*,#1688,.T.);
#845=ORIENTED_EDGE('',*,*,#1570,.T.);
#846=ORIENTED_EDGE('',*,*,#1690,.F.);
#847=ORIENTED_EDGE('',*,*,#1691,.T.);
#848=ORIENTED_EDGE('',*,*,#1690,.T.);
#849=ORIENTED_EDGE('',*,*,#1569,.T.);
#850=ORIENTED_EDGE('',*,*,#1683,.F.);
#851=ORIENTED_EDGE('',*,*,#1692,.F.);
#852=ORIENTED_EDGE('',*,*,#1693,.F.);
#853=ORIENTED_EDGE('',*,*,#1694,.F.);
#854=ORIENTED_EDGE('',*,*,#1695,.F.);
#855=ORIENTED_EDGE('',*,*,#1682,.F.);
#856=ORIENTED_EDGE('',*,*,#1685,.F.);
#857=ORIENTED_EDGE('',*,*,#1687,.F.);
#858=ORIENTED_EDGE('',*,*,#1689,.F.);
#859=ORIENTED_EDGE('',*,*,#1691,.F.);
#860=ORIENTED_EDGE('',*,*,#1648,.T.);
#861=ORIENTED_EDGE('',*,*,#1553,.T.);
#862=ORIENTED_EDGE('',*,*,#1696,.F.);
#863=ORIENTED_EDGE('',*,*,#1660,.F.);
#864=ORIENTED_EDGE('',*,*,#1661,.F.);
#865=ORIENTED_EDGE('',*,*,#1696,.T.);
#866=ORIENTED_EDGE('',*,*,#1552,.T.);
#867=ORIENTED_EDGE('',*,*,#1697,.F.);
#868=ORIENTED_EDGE('',*,*,#1662,.F.);
#869=ORIENTED_EDGE('',*,*,#1697,.T.);
#870=ORIENTED_EDGE('',*,*,#1551,.T.);
#871=ORIENTED_EDGE('',*,*,#1698,.F.);
#872=ORIENTED_EDGE('',*,*,#1663,.F.);
#873=ORIENTED_EDGE('',*,*,#1698,.T.);
#874=ORIENTED_EDGE('',*,*,#1550,.T.);
#875=ORIENTED_EDGE('',*,*,#1650,.T.);
#876=ORIENTED_EDGE('',*,*,#1665,.F.);
#877=ORIENTED_EDGE('',*,*,#1699,.T.);
#878=ORIENTED_EDGE('',*,*,#1557,.T.);
#879=ORIENTED_EDGE('',*,*,#1700,.F.);
#880=ORIENTED_EDGE('',*,*,#1666,.F.);
#881=ORIENTED_EDGE('',*,*,#1700,.T.);
#882=ORIENTED_EDGE('',*,*,#1556,.T.);
#883=ORIENTED_EDGE('',*,*,#1701,.F.);
#884=ORIENTED_EDGE('',*,*,#1667,.F.);
#885=ORIENTED_EDGE('',*,*,#1701,.T.);
#886=ORIENTED_EDGE('',*,*,#1555,.T.);
#887=ORIENTED_EDGE('',*,*,#1647,.F.);
#888=ORIENTED_EDGE('',*,*,#1664,.F.);
#889=ORIENTED_EDGE('',*,*,#1651,.F.);
#890=ORIENTED_EDGE('',*,*,#1548,.T.);
#891=ORIENTED_EDGE('',*,*,#1699,.F.);
#892=ORIENTED_EDGE('',*,*,#1702,.T.);
#893=ORIENTED_EDGE('',*,*,#1703,.T.);
#894=ORIENTED_EDGE('',*,*,#1573,.T.);
#895=ORIENTED_EDGE('',*,*,#1704,.F.);
#896=ORIENTED_EDGE('',*,*,#1705,.T.);
#897=ORIENTED_EDGE('',*,*,#1704,.T.);
#898=ORIENTED_EDGE('',*,*,#1572,.T.);
#899=ORIENTED_EDGE('',*,*,#1706,.F.);
#900=ORIENTED_EDGE('',*,*,#1707,.T.);
#901=ORIENTED_EDGE('',*,*,#1706,.T.);
#902=ORIENTED_EDGE('',*,*,#1575,.T.);
#903=ORIENTED_EDGE('',*,*,#1708,.F.);
#904=ORIENTED_EDGE('',*,*,#1709,.T.);
#905=ORIENTED_EDGE('',*,*,#1708,.T.);
#906=ORIENTED_EDGE('',*,*,#1574,.T.);
#907=ORIENTED_EDGE('',*,*,#1703,.F.);
#908=ORIENTED_EDGE('',*,*,#1710,.F.);
#909=ORIENTED_EDGE('',*,*,#1711,.F.);
#910=ORIENTED_EDGE('',*,*,#1712,.F.);
#911=ORIENTED_EDGE('',*,*,#1713,.F.);
#912=ORIENTED_EDGE('',*,*,#1702,.F.);
#913=ORIENTED_EDGE('',*,*,#1705,.F.);
#914=ORIENTED_EDGE('',*,*,#1707,.F.);
#915=ORIENTED_EDGE('',*,*,#1709,.F.);
#916=ORIENTED_EDGE('',*,*,#1714,.T.);
#917=ORIENTED_EDGE('',*,*,#1715,.T.);
#918=ORIENTED_EDGE('',*,*,#1577,.T.);
#919=ORIENTED_EDGE('',*,*,#1716,.F.);
#920=ORIENTED_EDGE('',*,*,#1717,.T.);
#921=ORIENTED_EDGE('',*,*,#1716,.T.);
#922=ORIENTED_EDGE('',*,*,#1576,.T.);
#923=ORIENTED_EDGE('',*,*,#1718,.F.);
#924=ORIENTED_EDGE('',*,*,#1719,.T.);
#925=ORIENTED_EDGE('',*,*,#1718,.T.);
#926=ORIENTED_EDGE('',*,*,#1580,.T.);
#927=ORIENTED_EDGE('',*,*,#1720,.F.);
#928=ORIENTED_EDGE('',*,*,#1721,.T.);
#929=ORIENTED_EDGE('',*,*,#1720,.T.);
#930=ORIENTED_EDGE('',*,*,#1579,.T.);
#931=ORIENTED_EDGE('',*,*,#1722,.F.);
#932=ORIENTED_EDGE('',*,*,#1723,.T.);
#933=ORIENTED_EDGE('',*,*,#1722,.T.);
#934=ORIENTED_EDGE('',*,*,#1578,.T.);
#935=ORIENTED_EDGE('',*,*,#1715,.F.);
#936=ORIENTED_EDGE('',*,*,#1724,.F.);
#937=ORIENTED_EDGE('',*,*,#1725,.F.);
#938=ORIENTED_EDGE('',*,*,#1726,.F.);
#939=ORIENTED_EDGE('',*,*,#1727,.F.);
#940=ORIENTED_EDGE('',*,*,#1714,.F.);
#941=ORIENTED_EDGE('',*,*,#1717,.F.);
#942=ORIENTED_EDGE('',*,*,#1719,.F.);
#943=ORIENTED_EDGE('',*,*,#1721,.F.);
#944=ORIENTED_EDGE('',*,*,#1723,.F.);
#945=ORIENTED_EDGE('',*,*,#1728,.T.);
#946=ORIENTED_EDGE('',*,*,#1729,.T.);
#947=ORIENTED_EDGE('',*,*,#1582,.T.);
#948=ORIENTED_EDGE('',*,*,#1730,.F.);
#949=ORIENTED_EDGE('',*,*,#1731,.T.);
#950=ORIENTED_EDGE('',*,*,#1730,.T.);
#951=ORIENTED_EDGE('',*,*,#1581,.T.);
#952=ORIENTED_EDGE('',*,*,#1732,.F.);
#953=ORIENTED_EDGE('',*,*,#1733,.T.);
#954=ORIENTED_EDGE('',*,*,#1732,.T.);
#955=ORIENTED_EDGE('',*,*,#1585,.T.);
#956=ORIENTED_EDGE('',*,*,#1734,.F.);
#957=ORIENTED_EDGE('',*,*,#1735,.T.);
#958=ORIENTED_EDGE('',*,*,#1734,.T.);
#959=ORIENTED_EDGE('',*,*,#1584,.T.);
#960=ORIENTED_EDGE('',*,*,#1736,.F.);
#961=ORIENTED_EDGE('',*,*,#1737,.T.);
#962=ORIENTED_EDGE('',*,*,#1736,.T.);
#963=ORIENTED_EDGE('',*,*,#1583,.T.);
#964=ORIENTED_EDGE('',*,*,#1729,.F.);
#965=ORIENTED_EDGE('',*,*,#1738,.F.);
#966=ORIENTED_EDGE('',*,*,#1739,.F.);
#967=ORIENTED_EDGE('',*,*,#1740,.F.);
#968=ORIENTED_EDGE('',*,*,#1741,.F.);
#969=ORIENTED_EDGE('',*,*,#1728,.F.);
#970=ORIENTED_EDGE('',*,*,#1731,.F.);
#971=ORIENTED_EDGE('',*,*,#1733,.F.);
#972=ORIENTED_EDGE('',*,*,#1735,.F.);
#973=ORIENTED_EDGE('',*,*,#1737,.F.);
#974=ORIENTED_EDGE('',*,*,#1742,.T.);
#975=ORIENTED_EDGE('',*,*,#1743,.T.);
#976=ORIENTED_EDGE('',*,*,#1587,.T.);
#977=ORIENTED_EDGE('',*,*,#1744,.F.);
#978=ORIENTED_EDGE('',*,*,#1745,.T.);
#979=ORIENTED_EDGE('',*,*,#1744,.T.);
#980=ORIENTED_EDGE('',*,*,#1586,.T.);
#981=ORIENTED_EDGE('',*,*,#1746,.F.);
#982=ORIENTED_EDGE('',*,*,#1747,.T.);
#983=ORIENTED_EDGE('',*,*,#1746,.T.);
#984=ORIENTED_EDGE('',*,*,#1590,.T.);
#985=ORIENTED_EDGE('',*,*,#1748,.F.);
#986=ORIENTED_EDGE('',*,*,#1749,.T.);
#987=ORIENTED_EDGE('',*,*,#1748,.T.);
#988=ORIENTED_EDGE('',*,*,#1589,.T.);
#989=ORIENTED_EDGE('',*,*,#1750,.F.);
#990=ORIENTED_EDGE('',*,*,#1751,.T.);
#991=ORIENTED_EDGE('',*,*,#1750,.T.);
#992=ORIENTED_EDGE('',*,*,#1588,.T.);
#993=ORIENTED_EDGE('',*,*,#1743,.F.);
#994=ORIENTED_EDGE('',*,*,#1752,.F.);
#995=ORIENTED_EDGE('',*,*,#1753,.F.);
#996=ORIENTED_EDGE('',*,*,#1754,.F.);
#997=ORIENTED_EDGE('',*,*,#1755,.F.);
#998=ORIENTED_EDGE('',*,*,#1742,.F.);
#999=ORIENTED_EDGE('',*,*,#1745,.F.);
#1000=ORIENTED_EDGE('',*,*,#1747,.F.);
#1001=ORIENTED_EDGE('',*,*,#1749,.F.);
#1002=ORIENTED_EDGE('',*,*,#1751,.F.);
#1003=ORIENTED_EDGE('',*,*,#1756,.T.);
#1004=ORIENTED_EDGE('',*,*,#1757,.T.);
#1005=ORIENTED_EDGE('',*,*,#1758,.T.);
#1006=ORIENTED_EDGE('',*,*,#1759,.T.);
#1007=ORIENTED_EDGE('',*,*,#1760,.F.);
#1008=ORIENTED_EDGE('',*,*,#1679,.T.);
#1009=ORIENTED_EDGE('',*,*,#1761,.T.);
#1010=ORIENTED_EDGE('',*,*,#1759,.F.);
#1011=ORIENTED_EDGE('',*,*,#1762,.F.);
#1012=ORIENTED_EDGE('',*,*,#1680,.T.);
#1013=ORIENTED_EDGE('',*,*,#1760,.T.);
#1014=ORIENTED_EDGE('',*,*,#1758,.F.);
#1015=ORIENTED_EDGE('',*,*,#1763,.F.);
#1016=ORIENTED_EDGE('',*,*,#1681,.T.);
#1017=ORIENTED_EDGE('',*,*,#1762,.T.);
#1018=ORIENTED_EDGE('',*,*,#1757,.F.);
#1019=ORIENTED_EDGE('',*,*,#1761,.F.);
#1020=ORIENTED_EDGE('',*,*,#1678,.T.);
#1021=ORIENTED_EDGE('',*,*,#1763,.T.);
#1022=ORIENTED_EDGE('',*,*,#1756,.F.);
#1023=ORIENTED_EDGE('',*,*,#1632,.F.);
#1024=ORIENTED_EDGE('',*,*,#1764,.F.);
#1025=ORIENTED_EDGE('',*,*,#1765,.T.);
#1026=ORIENTED_EDGE('',*,*,#1766,.T.);
#1027=ORIENTED_EDGE('',*,*,#1633,.F.);
#1028=ORIENTED_EDGE('',*,*,#1766,.F.);
#1029=ORIENTED_EDGE('',*,*,#1767,.T.);
#1030=ORIENTED_EDGE('',*,*,#1768,.T.);
#1031=ORIENTED_EDGE('',*,*,#1634,.F.);
#1032=ORIENTED_EDGE('',*,*,#1768,.F.);
#1033=ORIENTED_EDGE('',*,*,#1769,.T.);
#1034=ORIENTED_EDGE('',*,*,#1770,.T.);
#1035=ORIENTED_EDGE('',*,*,#1631,.F.);
#1036=ORIENTED_EDGE('',*,*,#1770,.F.);
#1037=ORIENTED_EDGE('',*,*,#1771,.T.);
#1038=ORIENTED_EDGE('',*,*,#1764,.T.);
#1039=ORIENTED_EDGE('',*,*,#1765,.F.);
#1040=ORIENTED_EDGE('',*,*,#1771,.F.);
#1041=ORIENTED_EDGE('',*,*,#1769,.F.);
#1042=ORIENTED_EDGE('',*,*,#1767,.F.);
#1043=ORIENTED_EDGE('',*,*,#1772,.T.);
#1044=ORIENTED_EDGE('',*,*,#1773,.T.);
#1045=ORIENTED_EDGE('',*,*,#1774,.T.);
#1046=ORIENTED_EDGE('',*,*,#1775,.T.);
#1047=ORIENTED_EDGE('',*,*,#1776,.F.);
#1048=ORIENTED_EDGE('',*,*,#1711,.T.);
#1049=ORIENTED_EDGE('',*,*,#1777,.T.);
#1050=ORIENTED_EDGE('',*,*,#1775,.F.);
#1051=ORIENTED_EDGE('',*,*,#1778,.F.);
#1052=ORIENTED_EDGE('',*,*,#1712,.T.);
#1053=ORIENTED_EDGE('',*,*,#1776,.T.);
#1054=ORIENTED_EDGE('',*,*,#1774,.F.);
#1055=ORIENTED_EDGE('',*,*,#1779,.F.);
#1056=ORIENTED_EDGE('',*,*,#1713,.T.);
#1057=ORIENTED_EDGE('',*,*,#1778,.T.);
#1058=ORIENTED_EDGE('',*,*,#1773,.F.);
#1059=ORIENTED_EDGE('',*,*,#1777,.F.);
#1060=ORIENTED_EDGE('',*,*,#1710,.T.);
#1061=ORIENTED_EDGE('',*,*,#1779,.T.);
#1062=ORIENTED_EDGE('',*,*,#1772,.F.);
#1063=ORIENTED_EDGE('',*,*,#1628,.F.);
#1064=ORIENTED_EDGE('',*,*,#1780,.F.);
#1065=ORIENTED_EDGE('',*,*,#1781,.T.);
#1066=ORIENTED_EDGE('',*,*,#1782,.T.);
#1067=ORIENTED_EDGE('',*,*,#1629,.F.);
#1068=ORIENTED_EDGE('',*,*,#1782,.F.);
#1069=ORIENTED_EDGE('',*,*,#1783,.T.);
#1070=ORIENTED_EDGE('',*,*,#1784,.T.);
#1071=ORIENTED_EDGE('',*,*,#1630,.F.);
#1072=ORIENTED_EDGE('',*,*,#1784,.F.);
#1073=ORIENTED_EDGE('',*,*,#1785,.T.);
#1074=ORIENTED_EDGE('',*,*,#1786,.T.);
#1075=ORIENTED_EDGE('',*,*,#1627,.F.);
#1076=ORIENTED_EDGE('',*,*,#1786,.F.);
#1077=ORIENTED_EDGE('',*,*,#1787,.T.);
#1078=ORIENTED_EDGE('',*,*,#1780,.T.);
#1079=ORIENTED_EDGE('',*,*,#1781,.F.);
#1080=ORIENTED_EDGE('',*,*,#1787,.F.);
#1081=ORIENTED_EDGE('',*,*,#1785,.F.);
#1082=ORIENTED_EDGE('',*,*,#1783,.F.);
#1083=ORIENTED_EDGE('',*,*,#1788,.T.);
#1084=ORIENTED_EDGE('',*,*,#1789,.T.);
#1085=ORIENTED_EDGE('',*,*,#1790,.T.);
#1086=ORIENTED_EDGE('',*,*,#1791,.T.);
#1087=ORIENTED_EDGE('',*,*,#1792,.F.);
#1088=ORIENTED_EDGE('',*,*,#1753,.T.);
#1089=ORIENTED_EDGE('',*,*,#1793,.T.);
#1090=ORIENTED_EDGE('',*,*,#1791,.F.);
#1091=ORIENTED_EDGE('',*,*,#1794,.F.);
#1092=ORIENTED_EDGE('',*,*,#1754,.T.);
#1093=ORIENTED_EDGE('',*,*,#1792,.T.);
#1094=ORIENTED_EDGE('',*,*,#1790,.F.);
#1095=ORIENTED_EDGE('',*,*,#1795,.F.);
#1096=ORIENTED_EDGE('',*,*,#1755,.T.);
#1097=ORIENTED_EDGE('',*,*,#1794,.T.);
#1098=ORIENTED_EDGE('',*,*,#1789,.F.);
#1099=ORIENTED_EDGE('',*,*,#1793,.F.);
#1100=ORIENTED_EDGE('',*,*,#1752,.T.);
#1101=ORIENTED_EDGE('',*,*,#1795,.T.);
#1102=ORIENTED_EDGE('',*,*,#1788,.F.);
#1103=ORIENTED_EDGE('',*,*,#1796,.T.);
#1104=ORIENTED_EDGE('',*,*,#1797,.T.);
#1105=ORIENTED_EDGE('',*,*,#1798,.T.);
#1106=ORIENTED_EDGE('',*,*,#1799,.T.);
#1107=ORIENTED_EDGE('',*,*,#1800,.F.);
#1108=ORIENTED_EDGE('',*,*,#1725,.T.);
#1109=ORIENTED_EDGE('',*,*,#1801,.T.);
#1110=ORIENTED_EDGE('',*,*,#1799,.F.);
#1111=ORIENTED_EDGE('',*,*,#1802,.F.);
#1112=ORIENTED_EDGE('',*,*,#1726,.T.);
#1113=ORIENTED_EDGE('',*,*,#1800,.T.);
#1114=ORIENTED_EDGE('',*,*,#1798,.F.);
#1115=ORIENTED_EDGE('',*,*,#1803,.F.);
#1116=ORIENTED_EDGE('',*,*,#1727,.T.);
#1117=ORIENTED_EDGE('',*,*,#1802,.T.);
#1118=ORIENTED_EDGE('',*,*,#1797,.F.);
#1119=ORIENTED_EDGE('',*,*,#1801,.F.);
#1120=ORIENTED_EDGE('',*,*,#1724,.T.);
#1121=ORIENTED_EDGE('',*,*,#1803,.T.);
#1122=ORIENTED_EDGE('',*,*,#1796,.F.);
#1123=ORIENTED_EDGE('',*,*,#1804,.T.);
#1124=ORIENTED_EDGE('',*,*,#1805,.T.);
#1125=ORIENTED_EDGE('',*,*,#1806,.T.);
#1126=ORIENTED_EDGE('',*,*,#1807,.T.);
#1127=ORIENTED_EDGE('',*,*,#1808,.F.);
#1128=ORIENTED_EDGE('',*,*,#1657,.T.);
#1129=ORIENTED_EDGE('',*,*,#1809,.T.);
#1130=ORIENTED_EDGE('',*,*,#1807,.F.);
#1131=ORIENTED_EDGE('',*,*,#1810,.F.);
#1132=ORIENTED_EDGE('',*,*,#1658,.T.);
#1133=ORIENTED_EDGE('',*,*,#1808,.T.);
#1134=ORIENTED_EDGE('',*,*,#1806,.F.);
#1135=ORIENTED_EDGE('',*,*,#1811,.F.);
#1136=ORIENTED_EDGE('',*,*,#1659,.T.);
#1137=ORIENTED_EDGE('',*,*,#1810,.T.);
#1138=ORIENTED_EDGE('',*,*,#1805,.F.);
#1139=ORIENTED_EDGE('',*,*,#1809,.F.);
#1140=ORIENTED_EDGE('',*,*,#1656,.T.);
#1141=ORIENTED_EDGE('',*,*,#1811,.T.);
#1142=ORIENTED_EDGE('',*,*,#1804,.F.);
#1143=ORIENTED_EDGE('',*,*,#1624,.F.);
#1144=ORIENTED_EDGE('',*,*,#1812,.F.);
#1145=ORIENTED_EDGE('',*,*,#1813,.T.);
#1146=ORIENTED_EDGE('',*,*,#1814,.T.);
#1147=ORIENTED_EDGE('',*,*,#1625,.F.);
#1148=ORIENTED_EDGE('',*,*,#1814,.F.);
#1149=ORIENTED_EDGE('',*,*,#1815,.T.);
#1150=ORIENTED_EDGE('',*,*,#1816,.T.);
#1151=ORIENTED_EDGE('',*,*,#1626,.F.);
#1152=ORIENTED_EDGE('',*,*,#1816,.F.);
#1153=ORIENTED_EDGE('',*,*,#1817,.T.);
#1154=ORIENTED_EDGE('',*,*,#1818,.T.);
#1155=ORIENTED_EDGE('',*,*,#1623,.F.);
#1156=ORIENTED_EDGE('',*,*,#1818,.F.);
#1157=ORIENTED_EDGE('',*,*,#1819,.T.);
#1158=ORIENTED_EDGE('',*,*,#1812,.T.);
#1159=ORIENTED_EDGE('',*,*,#1813,.F.);
#1160=ORIENTED_EDGE('',*,*,#1819,.F.);
#1161=ORIENTED_EDGE('',*,*,#1817,.F.);
#1162=ORIENTED_EDGE('',*,*,#1815,.F.);
#1163=ORIENTED_EDGE('',*,*,#1620,.F.);
#1164=ORIENTED_EDGE('',*,*,#1820,.F.);
#1165=ORIENTED_EDGE('',*,*,#1821,.T.);
#1166=ORIENTED_EDGE('',*,*,#1822,.T.);
#1167=ORIENTED_EDGE('',*,*,#1621,.F.);
#1168=ORIENTED_EDGE('',*,*,#1822,.F.);
#1169=ORIENTED_EDGE('',*,*,#1823,.T.);
#1170=ORIENTED_EDGE('',*,*,#1824,.T.);
#1171=ORIENTED_EDGE('',*,*,#1622,.F.);
#1172=ORIENTED_EDGE('',*,*,#1824,.F.);
#1173=ORIENTED_EDGE('',*,*,#1825,.T.);
#1174=ORIENTED_EDGE('',*,*,#1826,.T.);
#1175=ORIENTED_EDGE('',*,*,#1619,.F.);
#1176=ORIENTED_EDGE('',*,*,#1826,.F.);
#1177=ORIENTED_EDGE('',*,*,#1827,.T.);
#1178=ORIENTED_EDGE('',*,*,#1820,.T.);
#1179=ORIENTED_EDGE('',*,*,#1821,.F.);
#1180=ORIENTED_EDGE('',*,*,#1827,.F.);
#1181=ORIENTED_EDGE('',*,*,#1825,.F.);
#1182=ORIENTED_EDGE('',*,*,#1823,.F.);
#1183=ORIENTED_EDGE('',*,*,#1616,.F.);
#1184=ORIENTED_EDGE('',*,*,#1828,.F.);
#1185=ORIENTED_EDGE('',*,*,#1829,.T.);
#1186=ORIENTED_EDGE('',*,*,#1830,.T.);
#1187=ORIENTED_EDGE('',*,*,#1617,.F.);
#1188=ORIENTED_EDGE('',*,*,#1830,.F.);
#1189=ORIENTED_EDGE('',*,*,#1831,.T.);
#1190=ORIENTED_EDGE('',*,*,#1832,.T.);
#1191=ORIENTED_EDGE('',*,*,#1618,.F.);
#1192=ORIENTED_EDGE('',*,*,#1832,.F.);
#1193=ORIENTED_EDGE('',*,*,#1833,.T.);
#1194=ORIENTED_EDGE('',*,*,#1834,.T.);
#1195=ORIENTED_EDGE('',*,*,#1615,.F.);
#1196=ORIENTED_EDGE('',*,*,#1834,.F.);
#1197=ORIENTED_EDGE('',*,*,#1835,.T.);
#1198=ORIENTED_EDGE('',*,*,#1828,.T.);
#1199=ORIENTED_EDGE('',*,*,#1829,.F.);
#1200=ORIENTED_EDGE('',*,*,#1835,.F.);
#1201=ORIENTED_EDGE('',*,*,#1833,.F.);
#1202=ORIENTED_EDGE('',*,*,#1831,.F.);
#1203=ORIENTED_EDGE('',*,*,#1836,.T.);
#1204=ORIENTED_EDGE('',*,*,#1837,.T.);
#1205=ORIENTED_EDGE('',*,*,#1838,.T.);
#1206=ORIENTED_EDGE('',*,*,#1839,.T.);
#1207=ORIENTED_EDGE('',*,*,#1840,.F.);
#1208=ORIENTED_EDGE('',*,*,#1739,.T.);
#1209=ORIENTED_EDGE('',*,*,#1841,.T.);
#1210=ORIENTED_EDGE('',*,*,#1839,.F.);
#1211=ORIENTED_EDGE('',*,*,#1842,.F.);
#1212=ORIENTED_EDGE('',*,*,#1740,.T.);
#1213=ORIENTED_EDGE('',*,*,#1840,.T.);
#1214=ORIENTED_EDGE('',*,*,#1838,.F.);
#1215=ORIENTED_EDGE('',*,*,#1843,.F.);
#1216=ORIENTED_EDGE('',*,*,#1741,.T.);
#1217=ORIENTED_EDGE('',*,*,#1842,.T.);
#1218=ORIENTED_EDGE('',*,*,#1837,.F.);
#1219=ORIENTED_EDGE('',*,*,#1841,.F.);
#1220=ORIENTED_EDGE('',*,*,#1738,.T.);
#1221=ORIENTED_EDGE('',*,*,#1843,.T.);
#1222=ORIENTED_EDGE('',*,*,#1836,.F.);
#1223=ORIENTED_EDGE('',*,*,#1844,.T.);
#1224=ORIENTED_EDGE('',*,*,#1845,.T.);
#1225=ORIENTED_EDGE('',*,*,#1846,.T.);
#1226=ORIENTED_EDGE('',*,*,#1847,.T.);
#1227=ORIENTED_EDGE('',*,*,#1848,.F.);
#1228=ORIENTED_EDGE('',*,*,#1693,.T.);
#1229=ORIENTED_EDGE('',*,*,#1849,.T.);
#1230=ORIENTED_EDGE('',*,*,#1847,.F.);
#1231=ORIENTED_EDGE('',*,*,#1850,.F.);
#1232=ORIENTED_EDGE('',*,*,#1694,.T.);
#1233=ORIENTED_EDGE('',*,*,#1848,.T.);
#1234=ORIENTED_EDGE('',*,*,#1846,.F.);
#1235=ORIENTED_EDGE('',*,*,#1851,.F.);
#1236=ORIENTED_EDGE('',*,*,#1695,.T.);
#1237=ORIENTED_EDGE('',*,*,#1850,.T.);
#1238=ORIENTED_EDGE('',*,*,#1845,.F.);
#1239=ORIENTED_EDGE('',*,*,#1849,.F.);
#1240=ORIENTED_EDGE('',*,*,#1692,.T.);
#1241=ORIENTED_EDGE('',*,*,#1851,.T.);
#1242=ORIENTED_EDGE('',*,*,#1844,.F.);
#1243=ORIENTED_EDGE('',*,*,#1852,.T.);
#1244=ORIENTED_EDGE('',*,*,#1853,.T.);
#1245=ORIENTED_EDGE('',*,*,#1854,.T.);
#1246=ORIENTED_EDGE('',*,*,#1855,.T.);
#1247=ORIENTED_EDGE('',*,*,#1856,.F.);
#1248=ORIENTED_EDGE('',*,*,#1653,.T.);
#1249=ORIENTED_EDGE('',*,*,#1857,.T.);
#1250=ORIENTED_EDGE('',*,*,#1855,.F.);
#1251=ORIENTED_EDGE('',*,*,#1858,.F.);
#1252=ORIENTED_EDGE('',*,*,#1654,.T.);
#1253=ORIENTED_EDGE('',*,*,#1856,.T.);
#1254=ORIENTED_EDGE('',*,*,#1854,.F.);
#1255=ORIENTED_EDGE('',*,*,#1859,.F.);
#1256=ORIENTED_EDGE('',*,*,#1655,.T.);
#1257=ORIENTED_EDGE('',*,*,#1858,.T.);
#1258=ORIENTED_EDGE('',*,*,#1853,.F.);
#1259=ORIENTED_EDGE('',*,*,#1857,.F.);
#1260=ORIENTED_EDGE('',*,*,#1652,.T.);
#1261=ORIENTED_EDGE('',*,*,#1859,.T.);
#1262=ORIENTED_EDGE('',*,*,#1852,.F.);
#1263=ORIENTED_EDGE('',*,*,#1612,.F.);
#1264=ORIENTED_EDGE('',*,*,#1860,.F.);
#1265=ORIENTED_EDGE('',*,*,#1861,.T.);
#1266=ORIENTED_EDGE('',*,*,#1862,.T.);
#1267=ORIENTED_EDGE('',*,*,#1613,.F.);
#1268=ORIENTED_EDGE('',*,*,#1862,.F.);
#1269=ORIENTED_EDGE('',*,*,#1863,.T.);
#1270=ORIENTED_EDGE('',*,*,#1864,.T.);
#1271=ORIENTED_EDGE('',*,*,#1614,.F.);
#1272=ORIENTED_EDGE('',*,*,#1864,.F.);
#1273=ORIENTED_EDGE('',*,*,#1865,.T.);
#1274=ORIENTED_EDGE('',*,*,#1866,.T.);
#1275=ORIENTED_EDGE('',*,*,#1611,.F.);
#1276=ORIENTED_EDGE('',*,*,#1866,.F.);
#1277=ORIENTED_EDGE('',*,*,#1867,.T.);
#1278=ORIENTED_EDGE('',*,*,#1860,.T.);
#1279=ORIENTED_EDGE('',*,*,#1861,.F.);
#1280=ORIENTED_EDGE('',*,*,#1867,.F.);
#1281=ORIENTED_EDGE('',*,*,#1865,.F.);
#1282=ORIENTED_EDGE('',*,*,#1863,.F.);
#1283=ORIENTED_EDGE('',*,*,#1608,.F.);
#1284=ORIENTED_EDGE('',*,*,#1868,.F.);
#1285=ORIENTED_EDGE('',*,*,#1869,.T.);
#1286=ORIENTED_EDGE('',*,*,#1870,.T.);
#1287=ORIENTED_EDGE('',*,*,#1609,.F.);
#1288=ORIENTED_EDGE('',*,*,#1870,.F.);
#1289=ORIENTED_EDGE('',*,*,#1871,.T.);
#1290=ORIENTED_EDGE('',*,*,#1872,.T.);
#1291=ORIENTED_EDGE('',*,*,#1610,.F.);
#1292=ORIENTED_EDGE('',*,*,#1872,.F.);
#1293=ORIENTED_EDGE('',*,*,#1873,.T.);
#1294=ORIENTED_EDGE('',*,*,#1874,.T.);
#1295=ORIENTED_EDGE('',*,*,#1607,.F.);
#1296=ORIENTED_EDGE('',*,*,#1874,.F.);
#1297=ORIENTED_EDGE('',*,*,#1875,.T.);
#1298=ORIENTED_EDGE('',*,*,#1868,.T.);
#1299=ORIENTED_EDGE('',*,*,#1869,.F.);
#1300=ORIENTED_EDGE('',*,*,#1875,.F.);
#1301=ORIENTED_EDGE('',*,*,#1873,.F.);
#1302=ORIENTED_EDGE('',*,*,#1871,.F.);
#1303=ORIENTED_EDGE('',*,*,#1604,.F.);
#1304=ORIENTED_EDGE('',*,*,#1876,.F.);
#1305=ORIENTED_EDGE('',*,*,#1877,.T.);
#1306=ORIENTED_EDGE('',*,*,#1878,.T.);
#1307=ORIENTED_EDGE('',*,*,#1605,.F.);
#1308=ORIENTED_EDGE('',*,*,#1878,.F.);
#1309=ORIENTED_EDGE('',*,*,#1879,.T.);
#1310=ORIENTED_EDGE('',*,*,#1880,.T.);
#1311=ORIENTED_EDGE('',*,*,#1606,.F.);
#1312=ORIENTED_EDGE('',*,*,#1880,.F.);
#1313=ORIENTED_EDGE('',*,*,#1881,.T.);
#1314=ORIENTED_EDGE('',*,*,#1882,.T.);
#1315=ORIENTED_EDGE('',*,*,#1603,.F.);
#1316=ORIENTED_EDGE('',*,*,#1882,.F.);
#1317=ORIENTED_EDGE('',*,*,#1883,.T.);
#1318=ORIENTED_EDGE('',*,*,#1876,.T.);
#1319=ORIENTED_EDGE('',*,*,#1877,.F.);
#1320=ORIENTED_EDGE('',*,*,#1883,.F.);
#1321=ORIENTED_EDGE('',*,*,#1881,.F.);
#1322=ORIENTED_EDGE('',*,*,#1879,.F.);
#1323=VERTEX_POINT('',#3317);
#1324=VERTEX_POINT('',#3318);
#1325=VERTEX_POINT('',#3320);
#1326=VERTEX_POINT('',#3322);
#1327=VERTEX_POINT('',#3324);
#1328=VERTEX_POINT('',#3326);
#1329=VERTEX_POINT('',#3328);
#1330=VERTEX_POINT('',#3330);
#1331=VERTEX_POINT('',#3332);
#1332=VERTEX_POINT('',#3334);
#1333=VERTEX_POINT('',#3337);
#1334=VERTEX_POINT('',#3338);
#1335=VERTEX_POINT('',#3340);
#1336=VERTEX_POINT('',#3342);
#1337=VERTEX_POINT('',#3345);
#1338=VERTEX_POINT('',#3346);
#1339=VERTEX_POINT('',#3348);
#1340=VERTEX_POINT('',#3350);
#1341=VERTEX_POINT('',#3352);
#1342=VERTEX_POINT('',#3355);
#1343=VERTEX_POINT('',#3356);
#1344=VERTEX_POINT('',#3358);
#1345=VERTEX_POINT('',#3360);
#1346=VERTEX_POINT('',#3362);
#1347=VERTEX_POINT('',#3365);
#1348=VERTEX_POINT('',#3366);
#1349=VERTEX_POINT('',#3368);
#1350=VERTEX_POINT('',#3370);
#1351=VERTEX_POINT('',#3373);
#1352=VERTEX_POINT('',#3374);
#1353=VERTEX_POINT('',#3376);
#1354=VERTEX_POINT('',#3378);
#1355=VERTEX_POINT('',#3380);
#1356=VERTEX_POINT('',#3383);
#1357=VERTEX_POINT('',#3384);
#1358=VERTEX_POINT('',#3386);
#1359=VERTEX_POINT('',#3388);
#1360=VERTEX_POINT('',#3390);
#1361=VERTEX_POINT('',#3393);
#1362=VERTEX_POINT('',#3394);
#1363=VERTEX_POINT('',#3396);
#1364=VERTEX_POINT('',#3398);
#1365=VERTEX_POINT('',#3400);
#1366=VERTEX_POINT('',#3404);
#1367=VERTEX_POINT('',#3405);
#1368=VERTEX_POINT('',#3410);
#1369=VERTEX_POINT('',#3414);
#1370=VERTEX_POINT('',#3418);
#1371=VERTEX_POINT('',#3419);
#1372=VERTEX_POINT('',#3421);
#1373=VERTEX_POINT('',#3423);
#1374=VERTEX_POINT('',#3428);
#1375=VERTEX_POINT('',#3429);
#1376=VERTEX_POINT('',#3431);
#1377=VERTEX_POINT('',#3433);
#1378=VERTEX_POINT('',#3436);
#1379=VERTEX_POINT('',#3437);
#1380=VERTEX_POINT('',#3439);
#1381=VERTEX_POINT('',#3441);
#1382=VERTEX_POINT('',#3444);
#1383=VERTEX_POINT('',#3445);
#1384=VERTEX_POINT('',#3447);
#1385=VERTEX_POINT('',#3449);
#1386=VERTEX_POINT('',#3452);
#1387=VERTEX_POINT('',#3453);
#1388=VERTEX_POINT('',#3455);
#1389=VERTEX_POINT('',#3457);
#1390=VERTEX_POINT('',#3460);
#1391=VERTEX_POINT('',#3461);
#1392=VERTEX_POINT('',#3463);
#1393=VERTEX_POINT('',#3465);
#1394=VERTEX_POINT('',#3468);
#1395=VERTEX_POINT('',#3469);
#1396=VERTEX_POINT('',#3471);
#1397=VERTEX_POINT('',#3473);
#1398=VERTEX_POINT('',#3476);
#1399=VERTEX_POINT('',#3477);
#1400=VERTEX_POINT('',#3479);
#1401=VERTEX_POINT('',#3481);
#1402=VERTEX_POINT('',#3484);
#1403=VERTEX_POINT('',#3485);
#1404=VERTEX_POINT('',#3487);
#1405=VERTEX_POINT('',#3489);
#1406=VERTEX_POINT('',#3492);
#1407=VERTEX_POINT('',#3495);
#1408=VERTEX_POINT('',#3497);
#1409=VERTEX_POINT('',#3501);
#1410=VERTEX_POINT('',#3503);
#1411=VERTEX_POINT('',#3512);
#1412=VERTEX_POINT('',#3515);
#1413=VERTEX_POINT('',#3519);
#1414=VERTEX_POINT('',#3520);
#1415=VERTEX_POINT('',#3525);
#1416=VERTEX_POINT('',#3526);
#1417=VERTEX_POINT('',#3531);
#1418=VERTEX_POINT('',#3532);
#1419=VERTEX_POINT('',#3534);
#1420=VERTEX_POINT('',#3536);
#1421=VERTEX_POINT('',#3539);
#1422=VERTEX_POINT('',#3540);
#1423=VERTEX_POINT('',#3542);
#1424=VERTEX_POINT('',#3544);
#1425=VERTEX_POINT('',#3547);
#1426=VERTEX_POINT('',#3549);
#1427=VERTEX_POINT('',#3551);
#1428=VERTEX_POINT('',#3554);
#1429=VERTEX_POINT('',#3556);
#1430=VERTEX_POINT('',#3558);
#1431=VERTEX_POINT('',#3562);
#1432=VERTEX_POINT('',#3563);
#1433=VERTEX_POINT('',#3568);
#1434=VERTEX_POINT('',#3572);
#1435=VERTEX_POINT('',#3576);
#1436=VERTEX_POINT('',#3582);
#1437=VERTEX_POINT('',#3583);
#1438=VERTEX_POINT('',#3585);
#1439=VERTEX_POINT('',#3587);
#1440=VERTEX_POINT('',#3591);
#1441=VERTEX_POINT('',#3592);
#1442=VERTEX_POINT('',#3597);
#1443=VERTEX_POINT('',#3601);
#1444=VERTEX_POINT('',#3605);
#1445=VERTEX_POINT('',#3611);
#1446=VERTEX_POINT('',#3612);
#1447=VERTEX_POINT('',#3614);
#1448=VERTEX_POINT('',#3616);
#1449=VERTEX_POINT('',#3634);
#1450=VERTEX_POINT('',#3635);
#1451=VERTEX_POINT('',#3640);
#1452=VERTEX_POINT('',#3644);
#1453=VERTEX_POINT('',#3650);
#1454=VERTEX_POINT('',#3651);
#1455=VERTEX_POINT('',#3653);
#1456=VERTEX_POINT('',#3655);
#1457=VERTEX_POINT('',#3659);
#1458=VERTEX_POINT('',#3660);
#1459=VERTEX_POINT('',#3665);
#1460=VERTEX_POINT('',#3669);
#1461=VERTEX_POINT('',#3673);
#1462=VERTEX_POINT('',#3679);
#1463=VERTEX_POINT('',#3680);
#1464=VERTEX_POINT('',#3682);
#1465=VERTEX_POINT('',#3684);
#1466=VERTEX_POINT('',#3688);
#1467=VERTEX_POINT('',#3689);
#1468=VERTEX_POINT('',#3694);
#1469=VERTEX_POINT('',#3698);
#1470=VERTEX_POINT('',#3702);
#1471=VERTEX_POINT('',#3708);
#1472=VERTEX_POINT('',#3709);
#1473=VERTEX_POINT('',#3711);
#1474=VERTEX_POINT('',#3713);
#1475=VERTEX_POINT('',#3717);
#1476=VERTEX_POINT('',#3718);
#1477=VERTEX_POINT('',#3723);
#1478=VERTEX_POINT('',#3727);
#1479=VERTEX_POINT('',#3731);
#1480=VERTEX_POINT('',#3737);
#1481=VERTEX_POINT('',#3738);
#1482=VERTEX_POINT('',#3740);
#1483=VERTEX_POINT('',#3742);
#1484=VERTEX_POINT('',#3746);
#1485=VERTEX_POINT('',#3747);
#1486=VERTEX_POINT('',#3749);
#1487=VERTEX_POINT('',#3751);
#1488=VERTEX_POINT('',#3763);
#1489=VERTEX_POINT('',#3765);
#1490=VERTEX_POINT('',#3769);
#1491=VERTEX_POINT('',#3773);
#1492=VERTEX_POINT('',#3780);
#1493=VERTEX_POINT('',#3781);
#1494=VERTEX_POINT('',#3783);
#1495=VERTEX_POINT('',#3785);
#1496=VERTEX_POINT('',#3797);
#1497=VERTEX_POINT('',#3799);
#1498=VERTEX_POINT('',#3803);
#1499=VERTEX_POINT('',#3807);
#1500=VERTEX_POINT('',#3814);
#1501=VERTEX_POINT('',#3815);
#1502=VERTEX_POINT('',#3817);
#1503=VERTEX_POINT('',#3819);
#1504=VERTEX_POINT('',#3831);
#1505=VERTEX_POINT('',#3832);
#1506=VERTEX_POINT('',#3834);
#1507=VERTEX_POINT('',#3836);
#1508=VERTEX_POINT('',#3848);
#1509=VERTEX_POINT('',#3849);
#1510=VERTEX_POINT('',#3851);
#1511=VERTEX_POINT('',#3853);
#1512=VERTEX_POINT('',#3865);
#1513=VERTEX_POINT('',#3867);
#1514=VERTEX_POINT('',#3871);
#1515=VERTEX_POINT('',#3875);
#1516=VERTEX_POINT('',#3882);
#1517=VERTEX_POINT('',#3884);
#1518=VERTEX_POINT('',#3888);
#1519=VERTEX_POINT('',#3892);
#1520=VERTEX_POINT('',#3899);
#1521=VERTEX_POINT('',#3901);
#1522=VERTEX_POINT('',#3905);
#1523=VERTEX_POINT('',#3909);
#1524=VERTEX_POINT('',#3916);
#1525=VERTEX_POINT('',#3917);
#1526=VERTEX_POINT('',#3919);
#1527=VERTEX_POINT('',#3921);
#1528=VERTEX_POINT('',#3933);
#1529=VERTEX_POINT('',#3934);
#1530=VERTEX_POINT('',#3936);
#1531=VERTEX_POINT('',#3938);
#1532=VERTEX_POINT('',#3950);
#1533=VERTEX_POINT('',#3951);
#1534=VERTEX_POINT('',#3953);
#1535=VERTEX_POINT('',#3955);
#1536=VERTEX_POINT('',#3967);
#1537=VERTEX_POINT('',#3969);
#1538=VERTEX_POINT('',#3973);
#1539=VERTEX_POINT('',#3977);
#1540=VERTEX_POINT('',#3984);
#1541=VERTEX_POINT('',#3986);
#1542=VERTEX_POINT('',#3990);
#1543=VERTEX_POINT('',#3994);
#1544=VERTEX_POINT('',#4001);
#1545=VERTEX_POINT('',#4003);
#1546=VERTEX_POINT('',#4007);
#1547=VERTEX_POINT('',#4011);
#1548=EDGE_CURVE('',#1323,#1324,#1884,.T.);
#1549=EDGE_CURVE('',#1325,#1323,#1885,.T.);
#1550=EDGE_CURVE('',#1326,#1325,#1886,.T.);
#1551=EDGE_CURVE('',#1327,#1326,#1887,.T.);
#1552=EDGE_CURVE('',#1328,#1327,#1888,.T.);
#1553=EDGE_CURVE('',#1329,#1328,#1889,.T.);
#1554=EDGE_CURVE('',#1330,#1329,#1890,.T.);
#1555=EDGE_CURVE('',#1331,#1330,#1891,.T.);
#1556=EDGE_CURVE('',#1332,#1331,#1892,.T.);
#1557=EDGE_CURVE('',#1324,#1332,#1893,.T.);
#1558=EDGE_CURVE('',#1333,#1334,#1894,.T.);
#1559=EDGE_CURVE('',#1334,#1335,#1895,.T.);
#1560=EDGE_CURVE('',#1335,#1336,#1896,.T.);
#1561=EDGE_CURVE('',#1336,#1333,#1897,.T.);
#1562=EDGE_CURVE('',#1337,#1338,#1898,.T.);
#1563=EDGE_CURVE('',#1339,#1337,#1899,.T.);
#1564=EDGE_CURVE('',#1340,#1339,#1900,.T.);
#1565=EDGE_CURVE('',#1341,#1340,#1901,.T.);
#1566=EDGE_CURVE('',#1338,#1341,#1902,.T.);
#1567=EDGE_CURVE('',#1342,#1343,#1903,.T.);
#1568=EDGE_CURVE('',#1344,#1342,#1904,.T.);
#1569=EDGE_CURVE('',#1345,#1344,#1905,.T.);
#1570=EDGE_CURVE('',#1346,#1345,#1906,.T.);
#1571=EDGE_CURVE('',#1343,#1346,#1907,.T.);
#1572=EDGE_CURVE('',#1347,#1348,#1908,.T.);
#1573=EDGE_CURVE('',#1349,#1347,#1909,.T.);
#1574=EDGE_CURVE('',#1350,#1349,#1910,.T.);
#1575=EDGE_CURVE('',#1348,#1350,#1911,.T.);
#1576=EDGE_CURVE('',#1351,#1352,#1912,.T.);
#1577=EDGE_CURVE('',#1353,#1351,#1913,.T.);
#1578=EDGE_CURVE('',#1354,#1353,#1914,.T.);
#1579=EDGE_CURVE('',#1355,#1354,#1915,.T.);
#1580=EDGE_CURVE('',#1352,#1355,#1916,.T.);
#1581=EDGE_CURVE('',#1356,#1357,#1917,.T.);
#1582=EDGE_CURVE('',#1358,#1356,#1918,.T.);
#1583=EDGE_CURVE('',#1359,#1358,#1919,.T.);
#1584=EDGE_CURVE('',#1360,#1359,#1920,.T.);
#1585=EDGE_CURVE('',#1357,#1360,#1921,.T.);
#1586=EDGE_CURVE('',#1361,#1362,#1922,.T.);
#1587=EDGE_CURVE('',#1363,#1361,#1923,.T.);
#1588=EDGE_CURVE('',#1364,#1363,#1924,.T.);
#1589=EDGE_CURVE('',#1365,#1364,#1925,.T.);
#1590=EDGE_CURVE('',#1362,#1365,#1926,.T.);
#1591=EDGE_CURVE('',#1366,#1367,#1927,.T.);
#1592=EDGE_CURVE('',#1334,#1367,#1928,.T.);
#1593=EDGE_CURVE('',#1333,#1366,#1929,.T.);
#1594=EDGE_CURVE('',#1367,#1368,#1930,.T.);
#1595=EDGE_CURVE('',#1335,#1368,#1931,.T.);
#1596=EDGE_CURVE('',#1368,#1369,#1932,.T.);
#1597=EDGE_CURVE('',#1336,#1369,#1933,.T.);
#1598=EDGE_CURVE('',#1370,#1371,#1934,.T.);
#1599=EDGE_CURVE('',#1371,#1372,#1935,.T.);
#1600=EDGE_CURVE('',#1373,#1372,#1936,.T.);
#1601=EDGE_CURVE('',#1370,#1373,#1937,.T.);
#1602=EDGE_CURVE('',#1369,#1366,#1938,.T.);
#1603=EDGE_CURVE('',#1374,#1375,#1939,.T.);
#1604=EDGE_CURVE('',#1375,#1376,#1940,.T.);
#1605=EDGE_CURVE('',#1376,#1377,#1941,.T.);
#1606=EDGE_CURVE('',#1377,#1374,#1942,.T.);
#1607=EDGE_CURVE('',#1378,#1379,#1943,.T.);
#1608=EDGE_CURVE('',#1379,#1380,#1944,.T.);
#1609=EDGE_CURVE('',#1380,#1381,#1945,.T.);
#1610=EDGE_CURVE('',#1381,#1378,#1946,.T.);
#1611=EDGE_CURVE('',#1382,#1383,#1947,.T.);
#1612=EDGE_CURVE('',#1383,#1384,#1948,.T.);
#1613=EDGE_CURVE('',#1384,#1385,#1949,.T.);
#1614=EDGE_CURVE('',#1385,#1382,#1950,.T.);
#1615=EDGE_CURVE('',#1386,#1387,#1951,.T.);
#1616=EDGE_CURVE('',#1387,#1388,#1952,.T.);
#1617=EDGE_CURVE('',#1388,#1389,#1953,.T.);
#1618=EDGE_CURVE('',#1389,#1386,#1954,.T.);
#1619=EDGE_CURVE('',#1390,#1391,#1955,.T.);
#1620=EDGE_CURVE('',#1391,#1392,#1956,.T.);
#1621=EDGE_CURVE('',#1392,#1393,#1957,.T.);
#1622=EDGE_CURVE('',#1393,#1390,#1958,.T.);
#1623=EDGE_CURVE('',#1394,#1395,#1959,.T.);
#1624=EDGE_CURVE('',#1395,#1396,#1960,.T.);
#1625=EDGE_CURVE('',#1396,#1397,#1961,.T.);
#1626=EDGE_CURVE('',#1397,#1394,#1962,.T.);
#1627=EDGE_CURVE('',#1398,#1399,#1963,.T.);
#1628=EDGE_CURVE('',#1399,#1400,#1964,.T.);
#1629=EDGE_CURVE('',#1400,#1401,#1965,.T.);
#1630=EDGE_CURVE('',#1401,#1398,#1966,.T.);
#1631=EDGE_CURVE('',#1402,#1403,#1967,.T.);
#1632=EDGE_CURVE('',#1403,#1404,#1968,.T.);
#1633=EDGE_CURVE('',#1404,#1405,#1969,.T.);
#1634=EDGE_CURVE('',#1405,#1402,#1970,.T.);
#1635=EDGE_CURVE('',#1406,#1406,#36,.T.);
#1636=EDGE_CURVE('',#1407,#1371,#1971,.T.);
#1637=EDGE_CURVE('',#1408,#1370,#1972,.T.);
#1638=EDGE_CURVE('',#1408,#1407,#1973,.T.);
#1639=EDGE_CURVE('',#1372,#1409,#1974,.T.);
#1640=EDGE_CURVE('',#1410,#1409,#1975,.T.);
#1641=EDGE_CURVE('',#1373,#1410,#1976,.T.);
#1642=EDGE_CURVE('',#1409,#1407,#1977,.T.);
#1643=EDGE_CURVE('',#1410,#1408,#1978,.T.);
#1644=EDGE_CURVE('',#1411,#1411,#37,.T.);
#1645=EDGE_CURVE('',#1412,#1412,#38,.T.);
#1646=EDGE_CURVE('',#1413,#1414,#1979,.T.);
#1647=EDGE_CURVE('',#1414,#1330,#1980,.T.);
#1648=EDGE_CURVE('',#1413,#1329,#1981,.T.);
#1649=EDGE_CURVE('',#1415,#1416,#1982,.T.);
#1650=EDGE_CURVE('',#1325,#1416,#1983,.T.);
#1651=EDGE_CURVE('',#1323,#1415,#1984,.T.);
#1652=EDGE_CURVE('',#1417,#1418,#1985,.T.);
#1653=EDGE_CURVE('',#1419,#1417,#1986,.T.);
#1654=EDGE_CURVE('',#1420,#1419,#1987,.T.);
#1655=EDGE_CURVE('',#1418,#1420,#1988,.T.);
#1656=EDGE_CURVE('',#1421,#1422,#1989,.T.);
#1657=EDGE_CURVE('',#1423,#1421,#1990,.T.);
#1658=EDGE_CURVE('',#1424,#1423,#1991,.T.);
#1659=EDGE_CURVE('',#1422,#1424,#1992,.T.);
#1660=EDGE_CURVE('',#1413,#1425,#1993,.T.);
#1661=EDGE_CURVE('',#1425,#1426,#1994,.T.);
#1662=EDGE_CURVE('',#1426,#1427,#1995,.T.);
#1663=EDGE_CURVE('',#1427,#1416,#1996,.T.);
#1664=EDGE_CURVE('',#1415,#1428,#1997,.T.);
#1665=EDGE_CURVE('',#1428,#1429,#1998,.T.);
#1666=EDGE_CURVE('',#1429,#1430,#1999,.T.);
#1667=EDGE_CURVE('',#1430,#1414,#2000,.T.);
#1668=EDGE_CURVE('',#1431,#1432,#2001,.T.);
#1669=EDGE_CURVE('',#1432,#1339,#2002,.T.);
#1670=EDGE_CURVE('',#1431,#1337,#2003,.T.);
#1671=EDGE_CURVE('',#1433,#1431,#2004,.T.);
#1672=EDGE_CURVE('',#1433,#1338,#2005,.T.);
#1673=EDGE_CURVE('',#1434,#1433,#2006,.T.);
#1674=EDGE_CURVE('',#1434,#1341,#2007,.T.);
#1675=EDGE_CURVE('',#1435,#1434,#2008,.T.);
#1676=EDGE_CURVE('',#1435,#1340,#2009,.T.);
#1677=EDGE_CURVE('',#1432,#1435,#2010,.T.);
#1678=EDGE_CURVE('',#1436,#1437,#2011,.T.);
#1679=EDGE_CURVE('',#1438,#1436,#2012,.T.);
#1680=EDGE_CURVE('',#1439,#1438,#2013,.T.);
#1681=EDGE_CURVE('',#1437,#1439,#2014,.T.);
#1682=EDGE_CURVE('',#1440,#1441,#2015,.T.);
#1683=EDGE_CURVE('',#1441,#1344,#2016,.T.);
#1684=EDGE_CURVE('',#1440,#1342,#2017,.T.);
#1685=EDGE_CURVE('',#1442,#1440,#2018,.T.);
#1686=EDGE_CURVE('',#1442,#1343,#2019,.T.);
#1687=EDGE_CURVE('',#1443,#1442,#2020,.T.);
#1688=EDGE_CURVE('',#1443,#1346,#2021,.T.);
#1689=EDGE_CURVE('',#1444,#1443,#2022,.T.);
#1690=EDGE_CURVE('',#1444,#1345,#2023,.T.);
#1691=EDGE_CURVE('',#1441,#1444,#2024,.T.);
#1692=EDGE_CURVE('',#1445,#1446,#2025,.T.);
#1693=EDGE_CURVE('',#1447,#1445,#2026,.T.);
#1694=EDGE_CURVE('',#1448,#1447,#2027,.T.);
#1695=EDGE_CURVE('',#1446,#1448,#2028,.T.);
#1696=EDGE_CURVE('',#1425,#1328,#2029,.T.);
#1697=EDGE_CURVE('',#1426,#1327,#2030,.T.);
#1698=EDGE_CURVE('',#1427,#1326,#2031,.T.);
#1699=EDGE_CURVE('',#1428,#1324,#2032,.T.);
#1700=EDGE_CURVE('',#1429,#1332,#2033,.T.);
#1701=EDGE_CURVE('',#1430,#1331,#2034,.T.);
#1702=EDGE_CURVE('',#1449,#1450,#2035,.T.);
#1703=EDGE_CURVE('',#1450,#1349,#2036,.T.);
#1704=EDGE_CURVE('',#1449,#1347,#2037,.T.);
#1705=EDGE_CURVE('',#1451,#1449,#2038,.T.);
#1706=EDGE_CURVE('',#1451,#1348,#2039,.T.);
#1707=EDGE_CURVE('',#1452,#1451,#2040,.T.);
#1708=EDGE_CURVE('',#1452,#1350,#2041,.T.);
#1709=EDGE_CURVE('',#1450,#1452,#2042,.T.);
#1710=EDGE_CURVE('',#1453,#1454,#2043,.T.);
#1711=EDGE_CURVE('',#1455,#1453,#2044,.T.);
#1712=EDGE_CURVE('',#1456,#1455,#2045,.T.);
#1713=EDGE_CURVE('',#1454,#1456,#2046,.T.);
#1714=EDGE_CURVE('',#1457,#1458,#2047,.T.);
#1715=EDGE_CURVE('',#1458,#1353,#2048,.T.);
#1716=EDGE_CURVE('',#1457,#1351,#2049,.T.);
#1717=EDGE_CURVE('',#1459,#1457,#2050,.T.);
#1718=EDGE_CURVE('',#1459,#1352,#2051,.T.);
#1719=EDGE_CURVE('',#1460,#1459,#2052,.T.);
#1720=EDGE_CURVE('',#1460,#1355,#2053,.T.);
#1721=EDGE_CURVE('',#1461,#1460,#2054,.T.);
#1722=EDGE_CURVE('',#1461,#1354,#2055,.T.);
#1723=EDGE_CURVE('',#1458,#1461,#2056,.T.);
#1724=EDGE_CURVE('',#1462,#1463,#2057,.T.);
#1725=EDGE_CURVE('',#1464,#1462,#2058,.T.);
#1726=EDGE_CURVE('',#1465,#1464,#2059,.T.);
#1727=EDGE_CURVE('',#1463,#1465,#2060,.T.);
#1728=EDGE_CURVE('',#1466,#1467,#2061,.T.);
#1729=EDGE_CURVE('',#1467,#1358,#2062,.T.);
#1730=EDGE_CURVE('',#1466,#1356,#2063,.T.);
#1731=EDGE_CURVE('',#1468,#1466,#2064,.T.);
#1732=EDGE_CURVE('',#1468,#1357,#2065,.T.);
#1733=EDGE_CURVE('',#1469,#1468,#2066,.T.);
#1734=EDGE_CURVE('',#1469,#1360,#2067,.T.);
#1735=EDGE_CURVE('',#1470,#1469,#2068,.T.);
#1736=EDGE_CURVE('',#1470,#1359,#2069,.T.);
#1737=EDGE_CURVE('',#1467,#1470,#2070,.T.);
#1738=EDGE_CURVE('',#1471,#1472,#2071,.T.);
#1739=EDGE_CURVE('',#1473,#1471,#2072,.T.);
#1740=EDGE_CURVE('',#1474,#1473,#2073,.T.);
#1741=EDGE_CURVE('',#1472,#1474,#2074,.T.);
#1742=EDGE_CURVE('',#1475,#1476,#2075,.T.);
#1743=EDGE_CURVE('',#1476,#1363,#2076,.T.);
#1744=EDGE_CURVE('',#1475,#1361,#2077,.T.);
#1745=EDGE_CURVE('',#1477,#1475,#2078,.T.);
#1746=EDGE_CURVE('',#1477,#1362,#2079,.T.);
#1747=EDGE_CURVE('',#1478,#1477,#2080,.T.);
#1748=EDGE_CURVE('',#1478,#1365,#2081,.T.);
#1749=EDGE_CURVE('',#1479,#1478,#2082,.T.);
#1750=EDGE_CURVE('',#1479,#1364,#2083,.T.);
#1751=EDGE_CURVE('',#1476,#1479,#2084,.T.);
#1752=EDGE_CURVE('',#1480,#1481,#2085,.T.);
#1753=EDGE_CURVE('',#1482,#1480,#2086,.T.);
#1754=EDGE_CURVE('',#1483,#1482,#2087,.T.);
#1755=EDGE_CURVE('',#1481,#1483,#2088,.T.);
#1756=EDGE_CURVE('',#1484,#1485,#2089,.T.);
#1757=EDGE_CURVE('',#1485,#1486,#2090,.T.);
#1758=EDGE_CURVE('',#1486,#1487,#2091,.T.);
#1759=EDGE_CURVE('',#1487,#1484,#2092,.T.);
#1760=EDGE_CURVE('',#1438,#1487,#2093,.T.);
#1761=EDGE_CURVE('',#1436,#1484,#2094,.T.);
#1762=EDGE_CURVE('',#1439,#1486,#2095,.T.);
#1763=EDGE_CURVE('',#1437,#1485,#2096,.T.);
#1764=EDGE_CURVE('',#1488,#1403,#2097,.T.);
#1765=EDGE_CURVE('',#1488,#1489,#2098,.T.);
#1766=EDGE_CURVE('',#1489,#1404,#2099,.T.);
#1767=EDGE_CURVE('',#1489,#1490,#2100,.T.);
#1768=EDGE_CURVE('',#1490,#1405,#2101,.T.);
#1769=EDGE_CURVE('',#1490,#1491,#2102,.T.);
#1770=EDGE_CURVE('',#1491,#1402,#2103,.T.);
#1771=EDGE_CURVE('',#1491,#1488,#2104,.T.);
#1772=EDGE_CURVE('',#1492,#1493,#2105,.T.);
#1773=EDGE_CURVE('',#1493,#1494,#2106,.T.);
#1774=EDGE_CURVE('',#1494,#1495,#2107,.T.);
#1775=EDGE_CURVE('',#1495,#1492,#2108,.T.);
#1776=EDGE_CURVE('',#1455,#1495,#2109,.T.);
#1777=EDGE_CURVE('',#1453,#1492,#2110,.T.);
#1778=EDGE_CURVE('',#1456,#1494,#2111,.T.);
#1779=EDGE_CURVE('',#1454,#1493,#2112,.T.);
#1780=EDGE_CURVE('',#1496,#1399,#2113,.T.);
#1781=EDGE_CURVE('',#1496,#1497,#2114,.T.);
#1782=EDGE_CURVE('',#1497,#1400,#2115,.T.);
#1783=EDGE_CURVE('',#1497,#1498,#2116,.T.);
#1784=EDGE_CURVE('',#1498,#1401,#2117,.T.);
#1785=EDGE_CURVE('',#1498,#1499,#2118,.T.);
#1786=EDGE_CURVE('',#1499,#1398,#2119,.T.);
#1787=EDGE_CURVE('',#1499,#1496,#2120,.T.);
#1788=EDGE_CURVE('',#1500,#1501,#2121,.T.);
#1789=EDGE_CURVE('',#1501,#1502,#2122,.T.);
#1790=EDGE_CURVE('',#1502,#1503,#2123,.T.);
#1791=EDGE_CURVE('',#1503,#1500,#2124,.T.);
#1792=EDGE_CURVE('',#1482,#1503,#2125,.T.);
#1793=EDGE_CURVE('',#1480,#1500,#2126,.T.);
#1794=EDGE_CURVE('',#1483,#1502,#2127,.T.);
#1795=EDGE_CURVE('',#1481,#1501,#2128,.T.);
#1796=EDGE_CURVE('',#1504,#1505,#2129,.T.);
#1797=EDGE_CURVE('',#1505,#1506,#2130,.T.);
#1798=EDGE_CURVE('',#1506,#1507,#2131,.T.);
#1799=EDGE_CURVE('',#1507,#1504,#2132,.T.);
#1800=EDGE_CURVE('',#1464,#1507,#2133,.T.);
#1801=EDGE_CURVE('',#1462,#1504,#2134,.T.);
#1802=EDGE_CURVE('',#1465,#1506,#2135,.T.);
#1803=EDGE_CURVE('',#1463,#1505,#2136,.T.);
#1804=EDGE_CURVE('',#1508,#1509,#2137,.T.);
#1805=EDGE_CURVE('',#1509,#1510,#2138,.T.);
#1806=EDGE_CURVE('',#1510,#1511,#2139,.T.);
#1807=EDGE_CURVE('',#1511,#1508,#2140,.T.);
#1808=EDGE_CURVE('',#1423,#1511,#2141,.T.);
#1809=EDGE_CURVE('',#1421,#1508,#2142,.T.);
#1810=EDGE_CURVE('',#1424,#1510,#2143,.T.);
#1811=EDGE_CURVE('',#1422,#1509,#2144,.T.);
#1812=EDGE_CURVE('',#1512,#1395,#2145,.T.);
#1813=EDGE_CURVE('',#1512,#1513,#2146,.T.);
#1814=EDGE_CURVE('',#1513,#1396,#2147,.T.);
#1815=EDGE_CURVE('',#1513,#1514,#2148,.T.);
#1816=EDGE_CURVE('',#1514,#1397,#2149,.T.);
#1817=EDGE_CURVE('',#1514,#1515,#2150,.T.);
#1818=EDGE_CURVE('',#1515,#1394,#2151,.T.);
#1819=EDGE_CURVE('',#1515,#1512,#2152,.T.);
#1820=EDGE_CURVE('',#1516,#1391,#2153,.T.);
#1821=EDGE_CURVE('',#1516,#1517,#2154,.T.);
#1822=EDGE_CURVE('',#1517,#1392,#2155,.T.);
#1823=EDGE_CURVE('',#1517,#1518,#2156,.T.);
#1824=EDGE_CURVE('',#1518,#1393,#2157,.T.);
#1825=EDGE_CURVE('',#1518,#1519,#2158,.T.);
#1826=EDGE_CURVE('',#1519,#1390,#2159,.T.);
#1827=EDGE_CURVE('',#1519,#1516,#2160,.T.);
#1828=EDGE_CURVE('',#1520,#1387,#2161,.T.);
#1829=EDGE_CURVE('',#1520,#1521,#2162,.T.);
#1830=EDGE_CURVE('',#1521,#1388,#2163,.T.);
#1831=EDGE_CURVE('',#1521,#1522,#2164,.T.);
#1832=EDGE_CURVE('',#1522,#1389,#2165,.T.);
#1833=EDGE_CURVE('',#1522,#1523,#2166,.T.);
#1834=EDGE_CURVE('',#1523,#1386,#2167,.T.);
#1835=EDGE_CURVE('',#1523,#1520,#2168,.T.);
#1836=EDGE_CURVE('',#1524,#1525,#2169,.T.);
#1837=EDGE_CURVE('',#1525,#1526,#2170,.T.);
#1838=EDGE_CURVE('',#1526,#1527,#2171,.T.);
#1839=EDGE_CURVE('',#1527,#1524,#2172,.T.);
#1840=EDGE_CURVE('',#1473,#1527,#2173,.T.);
#1841=EDGE_CURVE('',#1471,#1524,#2174,.T.);
#1842=EDGE_CURVE('',#1474,#1526,#2175,.T.);
#1843=EDGE_CURVE('',#1472,#1525,#2176,.T.);
#1844=EDGE_CURVE('',#1528,#1529,#2177,.T.);
#1845=EDGE_CURVE('',#1529,#1530,#2178,.T.);
#1846=EDGE_CURVE('',#1530,#1531,#2179,.T.);
#1847=EDGE_CURVE('',#1531,#1528,#2180,.T.);
#1848=EDGE_CURVE('',#1447,#1531,#2181,.T.);
#1849=EDGE_CURVE('',#1445,#1528,#2182,.T.);
#1850=EDGE_CURVE('',#1448,#1530,#2183,.T.);
#1851=EDGE_CURVE('',#1446,#1529,#2184,.T.);
#1852=EDGE_CURVE('',#1532,#1533,#2185,.T.);
#1853=EDGE_CURVE('',#1533,#1534,#2186,.T.);
#1854=EDGE_CURVE('',#1534,#1535,#2187,.T.);
#1855=EDGE_CURVE('',#1535,#1532,#2188,.T.);
#1856=EDGE_CURVE('',#1419,#1535,#2189,.T.);
#1857=EDGE_CURVE('',#1417,#1532,#2190,.T.);
#1858=EDGE_CURVE('',#1420,#1534,#2191,.T.);
#1859=EDGE_CURVE('',#1418,#1533,#2192,.T.);
#1860=EDGE_CURVE('',#1536,#1383,#2193,.T.);
#1861=EDGE_CURVE('',#1536,#1537,#2194,.T.);
#1862=EDGE_CURVE('',#1537,#1384,#2195,.T.);
#1863=EDGE_CURVE('',#1537,#1538,#2196,.T.);
#1864=EDGE_CURVE('',#1538,#1385,#2197,.T.);
#1865=EDGE_CURVE('',#1538,#1539,#2198,.T.);
#1866=EDGE_CURVE('',#1539,#1382,#2199,.T.);
#1867=EDGE_CURVE('',#1539,#1536,#2200,.T.);
#1868=EDGE_CURVE('',#1540,#1379,#2201,.T.);
#1869=EDGE_CURVE('',#1540,#1541,#2202,.T.);
#1870=EDGE_CURVE('',#1541,#1380,#2203,.T.);
#1871=EDGE_CURVE('',#1541,#1542,#2204,.T.);
#1872=EDGE_CURVE('',#1542,#1381,#2205,.T.);
#1873=EDGE_CURVE('',#1542,#1543,#2206,.T.);
#1874=EDGE_CURVE('',#1543,#1378,#2207,.T.);
#1875=EDGE_CURVE('',#1543,#1540,#2208,.T.);
#1876=EDGE_CURVE('',#1544,#1375,#2209,.T.);
#1877=EDGE_CURVE('',#1544,#1545,#2210,.T.);
#1878=EDGE_CURVE('',#1545,#1376,#2211,.T.);
#1879=EDGE_CURVE('',#1545,#1546,#2212,.T.);
#1880=EDGE_CURVE('',#1546,#1377,#2213,.T.);
#1881=EDGE_CURVE('',#1546,#1547,#2214,.T.);
#1882=EDGE_CURVE('',#1547,#1374,#2215,.T.);
#1883=EDGE_CURVE('',#1547,#1544,#2216,.T.);
#1884=LINE('',#3316,#2217);
#1885=LINE('',#3319,#2218);
#1886=LINE('',#3321,#2219);
#1887=LINE('',#3323,#2220);
#1888=LINE('',#3325,#2221);
#1889=LINE('',#3327,#2222);
#1890=LINE('',#3329,#2223);
#1891=LINE('',#3331,#2224);
#1892=LINE('',#3333,#2225);
#1893=LINE('',#3335,#2226);
#1894=LINE('',#3336,#2227);
#1895=LINE('',#3339,#2228);
#1896=LINE('',#3341,#2229);
#1897=LINE('',#3343,#2230);
#1898=LINE('',#3344,#2231);
#1899=LINE('',#3347,#2232);
#1900=LINE('',#3349,#2233);
#1901=LINE('',#3351,#2234);
#1902=LINE('',#3353,#2235);
#1903=LINE('',#3354,#2236);
#1904=LINE('',#3357,#2237);
#1905=LINE('',#3359,#2238);
#1906=LINE('',#3361,#2239);
#1907=LINE('',#3363,#2240);
#1908=LINE('',#3364,#2241);
#1909=LINE('',#3367,#2242);
#1910=LINE('',#3369,#2243);
#1911=LINE('',#3371,#2244);
#1912=LINE('',#3372,#2245);
#1913=LINE('',#3375,#2246);
#1914=LINE('',#3377,#2247);
#1915=LINE('',#3379,#2248);
#1916=LINE('',#3381,#2249);
#1917=LINE('',#3382,#2250);
#1918=LINE('',#3385,#2251);
#1919=LINE('',#3387,#2252);
#1920=LINE('',#3389,#2253);
#1921=LINE('',#3391,#2254);
#1922=LINE('',#3392,#2255);
#1923=LINE('',#3395,#2256);
#1924=LINE('',#3397,#2257);
#1925=LINE('',#3399,#2258);
#1926=LINE('',#3401,#2259);
#1927=LINE('',#3403,#2260);
#1928=LINE('',#3406,#2261);
#1929=LINE('',#3407,#2262);
#1930=LINE('',#3409,#2263);
#1931=LINE('',#3411,#2264);
#1932=LINE('',#3413,#2265);
#1933=LINE('',#3415,#2266);
#1934=LINE('',#3417,#2267);
#1935=LINE('',#3420,#2268);
#1936=LINE('',#3422,#2269);
#1937=LINE('',#3424,#2270);
#1938=LINE('',#3425,#2271);
#1939=LINE('',#3427,#2272);
#1940=LINE('',#3430,#2273);
#1941=LINE('',#3432,#2274);
#1942=LINE('',#3434,#2275);
#1943=LINE('',#3435,#2276);
#1944=LINE('',#3438,#2277);
#1945=LINE('',#3440,#2278);
#1946=LINE('',#3442,#2279);
#1947=LINE('',#3443,#2280);
#1948=LINE('',#3446,#2281);
#1949=LINE('',#3448,#2282);
#1950=LINE('',#3450,#2283);
#1951=LINE('',#3451,#2284);
#1952=LINE('',#3454,#2285);
#1953=LINE('',#3456,#2286);
#1954=LINE('',#3458,#2287);
#1955=LINE('',#3459,#2288);
#1956=LINE('',#3462,#2289);
#1957=LINE('',#3464,#2290);
#1958=LINE('',#3466,#2291);
#1959=LINE('',#3467,#2292);
#1960=LINE('',#3470,#2293);
#1961=LINE('',#3472,#2294);
#1962=LINE('',#3474,#2295);
#1963=LINE('',#3475,#2296);
#1964=LINE('',#3478,#2297);
#1965=LINE('',#3480,#2298);
#1966=LINE('',#3482,#2299);
#1967=LINE('',#3483,#2300);
#1968=LINE('',#3486,#2301);
#1969=LINE('',#3488,#2302);
#1970=LINE('',#3490,#2303);
#1971=LINE('',#3494,#2304);
#1972=LINE('',#3496,#2305);
#1973=LINE('',#3498,#2306);
#1974=LINE('',#3500,#2307);
#1975=LINE('',#3502,#2308);
#1976=LINE('',#3504,#2309);
#1977=LINE('',#3506,#2310);
#1978=LINE('',#3507,#2311);
#1979=LINE('',#3518,#2312);
#1980=LINE('',#3521,#2313);
#1981=LINE('',#3522,#2314);
#1982=LINE('',#3524,#2315);
#1983=LINE('',#3527,#2316);
#1984=LINE('',#3528,#2317);
#1985=LINE('',#3530,#2318);
#1986=LINE('',#3533,#2319);
#1987=LINE('',#3535,#2320);
#1988=LINE('',#3537,#2321);
#1989=LINE('',#3538,#2322);
#1990=LINE('',#3541,#2323);
#1991=LINE('',#3543,#2324);
#1992=LINE('',#3545,#2325);
#1993=LINE('',#3546,#2326);
#1994=LINE('',#3548,#2327);
#1995=LINE('',#3550,#2328);
#1996=LINE('',#3552,#2329);
#1997=LINE('',#3553,#2330);
#1998=LINE('',#3555,#2331);
#1999=LINE('',#3557,#2332);
#2000=LINE('',#3559,#2333);
#2001=LINE('',#3561,#2334);
#2002=LINE('',#3564,#2335);
#2003=LINE('',#3565,#2336);
#2004=LINE('',#3567,#2337);
#2005=LINE('',#3569,#2338);
#2006=LINE('',#3571,#2339);
#2007=LINE('',#3573,#2340);
#2008=LINE('',#3575,#2341);
#2009=LINE('',#3577,#2342);
#2010=LINE('',#3579,#2343);
#2011=LINE('',#3581,#2344);
#2012=LINE('',#3584,#2345);
#2013=LINE('',#3586,#2346);
#2014=LINE('',#3588,#2347);
#2015=LINE('',#3590,#2348);
#2016=LINE('',#3593,#2349);
#2017=LINE('',#3594,#2350);
#2018=LINE('',#3596,#2351);
#2019=LINE('',#3598,#2352);
#2020=LINE('',#3600,#2353);
#2021=LINE('',#3602,#2354);
#2022=LINE('',#3604,#2355);
#2023=LINE('',#3606,#2356);
#2024=LINE('',#3608,#2357);
#2025=LINE('',#3610,#2358);
#2026=LINE('',#3613,#2359);
#2027=LINE('',#3615,#2360);
#2028=LINE('',#3617,#2361);
#2029=LINE('',#3619,#2362);
#2030=LINE('',#3621,#2363);
#2031=LINE('',#3623,#2364);
#2032=LINE('',#3626,#2365);
#2033=LINE('',#3627,#2366);
#2034=LINE('',#3629,#2367);
#2035=LINE('',#3633,#2368);
#2036=LINE('',#3636,#2369);
#2037=LINE('',#3637,#2370);
#2038=LINE('',#3639,#2371);
#2039=LINE('',#3641,#2372);
#2040=LINE('',#3643,#2373);
#2041=LINE('',#3645,#2374);
#2042=LINE('',#3647,#2375);
#2043=LINE('',#3649,#2376);
#2044=LINE('',#3652,#2377);
#2045=LINE('',#3654,#2378);
#2046=LINE('',#3656,#2379);
#2047=LINE('',#3658,#2380);
#2048=LINE('',#3661,#2381);
#2049=LINE('',#3662,#2382);
#2050=LINE('',#3664,#2383);
#2051=LINE('',#3666,#2384);
#2052=LINE('',#3668,#2385);
#2053=LINE('',#3670,#2386);
#2054=LINE('',#3672,#2387);
#2055=LINE('',#3674,#2388);
#2056=LINE('',#3676,#2389);
#2057=LINE('',#3678,#2390);
#2058=LINE('',#3681,#2391);
#2059=LINE('',#3683,#2392);
#2060=LINE('',#3685,#2393);
#2061=LINE('',#3687,#2394);
#2062=LINE('',#3690,#2395);
#2063=LINE('',#3691,#2396);
#2064=LINE('',#3693,#2397);
#2065=LINE('',#3695,#2398);
#2066=LINE('',#3697,#2399);
#2067=LINE('',#3699,#2400);
#2068=LINE('',#3701,#2401);
#2069=LINE('',#3703,#2402);
#2070=LINE('',#3705,#2403);
#2071=LINE('',#3707,#2404);
#2072=LINE('',#3710,#2405);
#2073=LINE('',#3712,#2406);
#2074=LINE('',#3714,#2407);
#2075=LINE('',#3716,#2408);
#2076=LINE('',#3719,#2409);
#2077=LINE('',#3720,#2410);
#2078=LINE('',#3722,#2411);
#2079=LINE('',#3724,#2412);
#2080=LINE('',#3726,#2413);
#2081=LINE('',#3728,#2414);
#2082=LINE('',#3730,#2415);
#2083=LINE('',#3732,#2416);
#2084=LINE('',#3734,#2417);
#2085=LINE('',#3736,#2418);
#2086=LINE('',#3739,#2419);
#2087=LINE('',#3741,#2420);
#2088=LINE('',#3743,#2421);
#2089=LINE('',#3745,#2422);
#2090=LINE('',#3748,#2423);
#2091=LINE('',#3750,#2424);
#2092=LINE('',#3752,#2425);
#2093=LINE('',#3754,#2426);
#2094=LINE('',#3755,#2427);
#2095=LINE('',#3757,#2428);
#2096=LINE('',#3759,#2429);
#2097=LINE('',#3762,#2430);
#2098=LINE('',#3764,#2431);
#2099=LINE('',#3766,#2432);
#2100=LINE('',#3768,#2433);
#2101=LINE('',#3770,#2434);
#2102=LINE('',#3772,#2435);
#2103=LINE('',#3774,#2436);
#2104=LINE('',#3776,#2437);
#2105=LINE('',#3779,#2438);
#2106=LINE('',#3782,#2439);
#2107=LINE('',#3784,#2440);
#2108=LINE('',#3786,#2441);
#2109=LINE('',#3788,#2442);
#2110=LINE('',#3789,#2443);
#2111=LINE('',#3791,#2444);
#2112=LINE('',#3793,#2445);
#2113=LINE('',#3796,#2446);
#2114=LINE('',#3798,#2447);
#2115=LINE('',#3800,#2448);
#2116=LINE('',#3802,#2449);
#2117=LINE('',#3804,#2450);
#2118=LINE('',#3806,#2451);
#2119=LINE('',#3808,#2452);
#2120=LINE('',#3810,#2453);
#2121=LINE('',#3813,#2454);
#2122=LINE('',#3816,#2455);
#2123=LINE('',#3818,#2456);
#2124=LINE('',#3820,#2457);
#2125=LINE('',#3822,#2458);
#2126=LINE('',#3823,#2459);
#2127=LINE('',#3825,#2460);
#2128=LINE('',#3827,#2461);
#2129=LINE('',#3830,#2462);
#2130=LINE('',#3833,#2463);
#2131=LINE('',#3835,#2464);
#2132=LINE('',#3837,#2465);
#2133=LINE('',#3839,#2466);
#2134=LINE('',#3840,#2467);
#2135=LINE('',#3842,#2468);
#2136=LINE('',#3844,#2469);
#2137=LINE('',#3847,#2470);
#2138=LINE('',#3850,#2471);
#2139=LINE('',#3852,#2472);
#2140=LINE('',#3854,#2473);
#2141=LINE('',#3856,#2474);
#2142=LINE('',#3857,#2475);
#2143=LINE('',#3859,#2476);
#2144=LINE('',#3861,#2477);
#2145=LINE('',#3864,#2478);
#2146=LINE('',#3866,#2479);
#2147=LINE('',#3868,#2480);
#2148=LINE('',#3870,#2481);
#2149=LINE('',#3872,#2482);
#2150=LINE('',#3874,#2483);
#2151=LINE('',#3876,#2484);
#2152=LINE('',#3878,#2485);
#2153=LINE('',#3881,#2486);
#2154=LINE('',#3883,#2487);
#2155=LINE('',#3885,#2488);
#2156=LINE('',#3887,#2489);
#2157=LINE('',#3889,#2490);
#2158=LINE('',#3891,#2491);
#2159=LINE('',#3893,#2492);
#2160=LINE('',#3895,#2493);
#2161=LINE('',#3898,#2494);
#2162=LINE('',#3900,#2495);
#2163=LINE('',#3902,#2496);
#2164=LINE('',#3904,#2497);
#2165=LINE('',#3906,#2498);
#2166=LINE('',#3908,#2499);
#2167=LINE('',#3910,#2500);
#2168=LINE('',#3912,#2501);
#2169=LINE('',#3915,#2502);
#2170=LINE('',#3918,#2503);
#2171=LINE('',#3920,#2504);
#2172=LINE('',#3922,#2505);
#2173=LINE('',#3924,#2506);
#2174=LINE('',#3925,#2507);
#2175=LINE('',#3927,#2508);
#2176=LINE('',#3929,#2509);
#2177=LINE('',#3932,#2510);
#2178=LINE('',#3935,#2511);
#2179=LINE('',#3937,#2512);
#2180=LINE('',#3939,#2513);
#2181=LINE('',#3941,#2514);
#2182=LINE('',#3942,#2515);
#2183=LINE('',#3944,#2516);
#2184=LINE('',#3946,#2517);
#2185=LINE('',#3949,#2518);
#2186=LINE('',#3952,#2519);
#2187=LINE('',#3954,#2520);
#2188=LINE('',#3956,#2521);
#2189=LINE('',#3958,#2522);
#2190=LINE('',#3959,#2523);
#2191=LINE('',#3961,#2524);
#2192=LINE('',#3963,#2525);
#2193=LINE('',#3966,#2526);
#2194=LINE('',#3968,#2527);
#2195=LINE('',#3970,#2528);
#2196=LINE('',#3972,#2529);
#2197=LINE('',#3974,#2530);
#2198=LINE('',#3976,#2531);
#2199=LINE('',#3978,#2532);
#2200=LINE('',#3980,#2533);
#2201=LINE('',#3983,#2534);
#2202=LINE('',#3985,#2535);
#2203=LINE('',#3987,#2536);
#2204=LINE('',#3989,#2537);
#2205=LINE('',#3991,#2538);
#2206=LINE('',#3993,#2539);
#2207=LINE('',#3995,#2540);
#2208=LINE('',#3997,#2541);
#2209=LINE('',#4000,#2542);
#2210=LINE('',#4002,#2543);
#2211=LINE('',#4004,#2544);
#2212=LINE('',#4006,#2545);
#2213=LINE('',#4008,#2546);
#2214=LINE('',#4010,#2547);
#2215=LINE('',#4012,#2548);
#2216=LINE('',#4014,#2549);
#2217=VECTOR('',#2696,1.);
#2218=VECTOR('',#2697,1.);
#2219=VECTOR('',#2698,1.);
#2220=VECTOR('',#2699,1.);
#2221=VECTOR('',#2700,1.);
#2222=VECTOR('',#2701,1.);
#2223=VECTOR('',#2702,1.);
#2224=VECTOR('',#2703,1.);
#2225=VECTOR('',#2704,1.);
#2226=VECTOR('',#2705,1.);
#2227=VECTOR('',#2706,1.);
#2228=VECTOR('',#2707,1.);
#2229=VECTOR('',#2708,1.);
#2230=VECTOR('',#2709,1.);
#2231=VECTOR('',#2710,1.);
#2232=VECTOR('',#2711,1.);
#2233=VECTOR('',#2712,1.);
#2234=VECTOR('',#2713,1.);
#2235=VECTOR('',#2714,1.);
#2236=VECTOR('',#2715,1.);
#2237=VECTOR('',#2716,1.);
#2238=VECTOR('',#2717,1.);
#2239=VECTOR('',#2718,1.);
#2240=VECTOR('',#2719,1.);
#2241=VECTOR('',#2720,1.);
#2242=VECTOR('',#2721,1.);
#2243=VECTOR('',#2722,1.);
#2244=VECTOR('',#2723,1.);
#2245=VECTOR('',#2724,1.);
#2246=VECTOR('',#2725,1.);
#2247=VECTOR('',#2726,1.);
#2248=VECTOR('',#2727,1.);
#2249=VECTOR('',#2728,1.);
#2250=VECTOR('',#2729,1.);
#2251=VECTOR('',#2730,1.);
#2252=VECTOR('',#2731,1.);
#2253=VECTOR('',#2732,1.);
#2254=VECTOR('',#2733,1.);
#2255=VECTOR('',#2734,1.);
#2256=VECTOR('',#2735,1.);
#2257=VECTOR('',#2736,1.);
#2258=VECTOR('',#2737,1.);
#2259=VECTOR('',#2738,1.);
#2260=VECTOR('',#2741,1.);
#2261=VECTOR('',#2742,1.);
#2262=VECTOR('',#2743,1.);
#2263=VECTOR('',#2746,1.);
#2264=VECTOR('',#2747,1.);
#2265=VECTOR('',#2750,1.);
#2266=VECTOR('',#2751,1.);
#2267=VECTOR('',#2754,1.);
#2268=VECTOR('',#2755,1.);
#2269=VECTOR('',#2756,1.);
#2270=VECTOR('',#2757,1.);
#2271=VECTOR('',#2758,1.);
#2272=VECTOR('',#2761,1.);
#2273=VECTOR('',#2762,1.);
#2274=VECTOR('',#2763,1.);
#2275=VECTOR('',#2764,1.);
#2276=VECTOR('',#2765,1.);
#2277=VECTOR('',#2766,1.);
#2278=VECTOR('',#2767,1.);
#2279=VECTOR('',#2768,1.);
#2280=VECTOR('',#2769,1.);
#2281=VECTOR('',#2770,1.);
#2282=VECTOR('',#2771,1.);
#2283=VECTOR('',#2772,1.);
#2284=VECTOR('',#2773,1.);
#2285=VECTOR('',#2774,1.);
#2286=VECTOR('',#2775,1.);
#2287=VECTOR('',#2776,1.);
#2288=VECTOR('',#2777,1.);
#2289=VECTOR('',#2778,1.);
#2290=VECTOR('',#2779,1.);
#2291=VECTOR('',#2780,1.);
#2292=VECTOR('',#2781,1.);
#2293=VECTOR('',#2782,1.);
#2294=VECTOR('',#2783,1.);
#2295=VECTOR('',#2784,1.);
#2296=VECTOR('',#2785,1.);
#2297=VECTOR('',#2786,1.);
#2298=VECTOR('',#2787,1.);
#2299=VECTOR('',#2788,1.);
#2300=VECTOR('',#2789,1.);
#2301=VECTOR('',#2790,1.);
#2302=VECTOR('',#2791,1.);
#2303=VECTOR('',#2792,1.);
#2304=VECTOR('',#2797,1.);
#2305=VECTOR('',#2798,1.);
#2306=VECTOR('',#2799,1.);
#2307=VECTOR('',#2802,1.);
#2308=VECTOR('',#2803,1.);
#2309=VECTOR('',#2804,1.);
#2310=VECTOR('',#2807,1.);
#2311=VECTOR('',#2808,1.);
#2312=VECTOR('',#2825,1.);
#2313=VECTOR('',#2826,1.);
#2314=VECTOR('',#2827,1.);
#2315=VECTOR('',#2830,1.);
#2316=VECTOR('',#2831,1.);
#2317=VECTOR('',#2832,1.);
#2318=VECTOR('',#2835,1.);
#2319=VECTOR('',#2836,1.);
#2320=VECTOR('',#2837,1.);
#2321=VECTOR('',#2838,1.);
#2322=VECTOR('',#2839,1.);
#2323=VECTOR('',#2840,1.);
#2324=VECTOR('',#2841,1.);
#2325=VECTOR('',#2842,1.);
#2326=VECTOR('',#2843,1.);
#2327=VECTOR('',#2844,1.);
#2328=VECTOR('',#2845,1.);
#2329=VECTOR('',#2846,1.);
#2330=VECTOR('',#2847,1.);
#2331=VECTOR('',#2848,1.);
#2332=VECTOR('',#2849,1.);
#2333=VECTOR('',#2850,1.);
#2334=VECTOR('',#2853,1.);
#2335=VECTOR('',#2854,1.);
#2336=VECTOR('',#2855,1.);
#2337=VECTOR('',#2858,1.);
#2338=VECTOR('',#2859,1.);
#2339=VECTOR('',#2862,1.);
#2340=VECTOR('',#2863,1.);
#2341=VECTOR('',#2866,1.);
#2342=VECTOR('',#2867,1.);
#2343=VECTOR('',#2870,1.);
#2344=VECTOR('',#2873,1.);
#2345=VECTOR('',#2874,1.);
#2346=VECTOR('',#2875,1.);
#2347=VECTOR('',#2876,1.);
#2348=VECTOR('',#2879,1.);
#2349=VECTOR('',#2880,1.);
#2350=VECTOR('',#2881,1.);
#2351=VECTOR('',#2884,1.);
#2352=VECTOR('',#2885,1.);
#2353=VECTOR('',#2888,1.);
#2354=VECTOR('',#2889,1.);
#2355=VECTOR('',#2892,1.);
#2356=VECTOR('',#2893,1.);
#2357=VECTOR('',#2896,1.);
#2358=VECTOR('',#2899,1.);
#2359=VECTOR('',#2900,1.);
#2360=VECTOR('',#2901,1.);
#2361=VECTOR('',#2902,1.);
#2362=VECTOR('',#2905,1.);
#2363=VECTOR('',#2908,1.);
#2364=VECTOR('',#2911,1.);
#2365=VECTOR('',#2916,1.);
#2366=VECTOR('',#2917,1.);
#2367=VECTOR('',#2920,1.);
#2368=VECTOR('',#2927,1.);
#2369=VECTOR('',#2928,1.);
#2370=VECTOR('',#2929,1.);
#2371=VECTOR('',#2932,1.);
#2372=VECTOR('',#2933,1.);
#2373=VECTOR('',#2936,1.);
#2374=VECTOR('',#2937,1.);
#2375=VECTOR('',#2940,1.);
#2376=VECTOR('',#2943,1.);
#2377=VECTOR('',#2944,1.);
#2378=VECTOR('',#2945,1.);
#2379=VECTOR('',#2946,1.);
#2380=VECTOR('',#2949,1.);
#2381=VECTOR('',#2950,1.);
#2382=VECTOR('',#2951,1.);
#2383=VECTOR('',#2954,1.);
#2384=VECTOR('',#2955,1.);
#2385=VECTOR('',#2958,1.);
#2386=VECTOR('',#2959,1.);
#2387=VECTOR('',#2962,1.);
#2388=VECTOR('',#2963,1.);
#2389=VECTOR('',#2966,1.);
#2390=VECTOR('',#2969,1.);
#2391=VECTOR('',#2970,1.);
#2392=VECTOR('',#2971,1.);
#2393=VECTOR('',#2972,1.);
#2394=VECTOR('',#2975,1.);
#2395=VECTOR('',#2976,1.);
#2396=VECTOR('',#2977,1.);
#2397=VECTOR('',#2980,1.);
#2398=VECTOR('',#2981,1.);
#2399=VECTOR('',#2984,1.);
#2400=VECTOR('',#2985,1.);
#2401=VECTOR('',#2988,1.);
#2402=VECTOR('',#2989,1.);
#2403=VECTOR('',#2992,1.);
#2404=VECTOR('',#2995,1.);
#2405=VECTOR('',#2996,1.);
#2406=VECTOR('',#2997,1.);
#2407=VECTOR('',#2998,1.);
#2408=VECTOR('',#3001,1.);
#2409=VECTOR('',#3002,1.);
#2410=VECTOR('',#3003,1.);
#2411=VECTOR('',#3006,1.);
#2412=VECTOR('',#3007,1.);
#2413=VECTOR('',#3010,1.);
#2414=VECTOR('',#3011,1.);
#2415=VECTOR('',#3014,1.);
#2416=VECTOR('',#3015,1.);
#2417=VECTOR('',#3018,1.);
#2418=VECTOR('',#3021,1.);
#2419=VECTOR('',#3022,1.);
#2420=VECTOR('',#3023,1.);
#2421=VECTOR('',#3024,1.);
#2422=VECTOR('',#3027,1.);
#2423=VECTOR('',#3028,1.);
#2424=VECTOR('',#3029,1.);
#2425=VECTOR('',#3030,1.);
#2426=VECTOR('',#3033,1.);
#2427=VECTOR('',#3034,1.);
#2428=VECTOR('',#3037,1.);
#2429=VECTOR('',#3040,1.);
#2430=VECTOR('',#3045,1.);
#2431=VECTOR('',#3046,1.);
#2432=VECTOR('',#3047,1.);
#2433=VECTOR('',#3050,1.);
#2434=VECTOR('',#3051,1.);
#2435=VECTOR('',#3054,1.);
#2436=VECTOR('',#3055,1.);
#2437=VECTOR('',#3058,1.);
#2438=VECTOR('',#3063,1.);
#2439=VECTOR('',#3064,1.);
#2440=VECTOR('',#3065,1.);
#2441=VECTOR('',#3066,1.);
#2442=VECTOR('',#3069,1.);
#2443=VECTOR('',#3070,1.);
#2444=VECTOR('',#3073,1.);
#2445=VECTOR('',#3076,1.);
#2446=VECTOR('',#3081,1.);
#2447=VECTOR('',#3082,1.);
#2448=VECTOR('',#3083,1.);
#2449=VECTOR('',#3086,1.);
#2450=VECTOR('',#3087,1.);
#2451=VECTOR('',#3090,1.);
#2452=VECTOR('',#3091,1.);
#2453=VECTOR('',#3094,1.);
#2454=VECTOR('',#3099,1.);
#2455=VECTOR('',#3100,1.);
#2456=VECTOR('',#3101,1.);
#2457=VECTOR('',#3102,1.);
#2458=VECTOR('',#3105,1.);
#2459=VECTOR('',#3106,1.);
#2460=VECTOR('',#3109,1.);
#2461=VECTOR('',#3112,1.);
#2462=VECTOR('',#3117,1.);
#2463=VECTOR('',#3118,1.);
#2464=VECTOR('',#3119,1.);
#2465=VECTOR('',#3120,1.);
#2466=VECTOR('',#3123,1.);
#2467=VECTOR('',#3124,1.);
#2468=VECTOR('',#3127,1.);
#2469=VECTOR('',#3130,1.);
#2470=VECTOR('',#3135,1.);
#2471=VECTOR('',#3136,1.);
#2472=VECTOR('',#3137,1.);
#2473=VECTOR('',#3138,1.);
#2474=VECTOR('',#3141,1.);
#2475=VECTOR('',#3142,1.);
#2476=VECTOR('',#3145,1.);
#2477=VECTOR('',#3148,1.);
#2478=VECTOR('',#3153,1.);
#2479=VECTOR('',#3154,1.);
#2480=VECTOR('',#3155,1.);
#2481=VECTOR('',#3158,1.);
#2482=VECTOR('',#3159,1.);
#2483=VECTOR('',#3162,1.);
#2484=VECTOR('',#3163,1.);
#2485=VECTOR('',#3166,1.);
#2486=VECTOR('',#3171,1.);
#2487=VECTOR('',#3172,1.);
#2488=VECTOR('',#3173,1.);
#2489=VECTOR('',#3176,1.);
#2490=VECTOR('',#3177,1.);
#2491=VECTOR('',#3180,1.);
#2492=VECTOR('',#3181,1.);
#2493=VECTOR('',#3184,1.);
#2494=VECTOR('',#3189,1.);
#2495=VECTOR('',#3190,1.);
#2496=VECTOR('',#3191,1.);
#2497=VECTOR('',#3194,1.);
#2498=VECTOR('',#3195,1.);
#2499=VECTOR('',#3198,1.);
#2500=VECTOR('',#3199,1.);
#2501=VECTOR('',#3202,1.);
#2502=VECTOR('',#3207,1.);
#2503=VECTOR('',#3208,1.);
#2504=VECTOR('',#3209,1.);
#2505=VECTOR('',#3210,1.);
#2506=VECTOR('',#3213,1.);
#2507=VECTOR('',#3214,1.);
#2508=VECTOR('',#3217,1.);
#2509=VECTOR('',#3220,1.);
#2510=VECTOR('',#3225,1.);
#2511=VECTOR('',#3226,1.);
#2512=VECTOR('',#3227,1.);
#2513=VECTOR('',#3228,1.);
#2514=VECTOR('',#3231,1.);
#2515=VECTOR('',#3232,1.);
#2516=VECTOR('',#3235,1.);
#2517=VECTOR('',#3238,1.);
#2518=VECTOR('',#3243,1.);
#2519=VECTOR('',#3244,1.);
#2520=VECTOR('',#3245,1.);
#2521=VECTOR('',#3246,1.);
#2522=VECTOR('',#3249,1.);
#2523=VECTOR('',#3250,1.);
#2524=VECTOR('',#3253,1.);
#2525=VECTOR('',#3256,1.);
#2526=VECTOR('',#3261,1.);
#2527=VECTOR('',#3262,1.);
#2528=VECTOR('',#3263,1.);
#2529=VECTOR('',#3266,1.);
#2530=VECTOR('',#3267,1.);
#2531=VECTOR('',#3270,1.);
#2532=VECTOR('',#3271,1.);
#2533=VECTOR('',#3274,1.);
#2534=VECTOR('',#3279,1.);
#2535=VECTOR('',#3280,1.);
#2536=VECTOR('',#3281,1.);
#2537=VECTOR('',#3284,1.);
#2538=VECTOR('',#3285,1.);
#2539=VECTOR('',#3288,1.);
#2540=VECTOR('',#3289,1.);
#2541=VECTOR('',#3292,1.);
#2542=VECTOR('',#3297,1.);
#2543=VECTOR('',#3298,1.);
#2544=VECTOR('',#3299,1.);
#2545=VECTOR('',#3302,1.);
#2546=VECTOR('',#3303,1.);
#2547=VECTOR('',#3306,1.);
#2548=VECTOR('',#3307,1.);
#2549=VECTOR('',#3310,1.);
#2550=AXIS2_PLACEMENT_3D('',#3315,#2694,#2695);
#2551=AXIS2_PLACEMENT_3D('',#3402,#2739,#2740);
#2552=AXIS2_PLACEMENT_3D('',#3408,#2744,#2745);
#2553=AXIS2_PLACEMENT_3D('',#3412,#2748,#2749);
#2554=AXIS2_PLACEMENT_3D('',#3416,#2752,#2753);
#2555=AXIS2_PLACEMENT_3D('',#3426,#2759,#2760);
#2556=AXIS2_PLACEMENT_3D('',#3491,#2793,#2794);
#2557=AXIS2_PLACEMENT_3D('',#3493,#2795,#2796);
#2558=AXIS2_PLACEMENT_3D('',#3499,#2800,#2801);
#2559=AXIS2_PLACEMENT_3D('',#3505,#2805,#2806);
#2560=AXIS2_PLACEMENT_3D('',#3508,#2809,#2810);
#2561=AXIS2_PLACEMENT_3D('',#3509,#2811,#2812);
#2562=AXIS2_PLACEMENT_3D('',#3510,#2813,#2814);
#2563=AXIS2_PLACEMENT_3D('',#3511,#2815,#2816);
#2564=AXIS2_PLACEMENT_3D('',#3513,#2817,#2818);
#2565=AXIS2_PLACEMENT_3D('',#3514,#2819,#2820);
#2566=AXIS2_PLACEMENT_3D('',#3516,#2821,#2822);
#2567=AXIS2_PLACEMENT_3D('',#3517,#2823,#2824);
#2568=AXIS2_PLACEMENT_3D('',#3523,#2828,#2829);
#2569=AXIS2_PLACEMENT_3D('',#3529,#2833,#2834);
#2570=AXIS2_PLACEMENT_3D('',#3560,#2851,#2852);
#2571=AXIS2_PLACEMENT_3D('',#3566,#2856,#2857);
#2572=AXIS2_PLACEMENT_3D('',#3570,#2860,#2861);
#2573=AXIS2_PLACEMENT_3D('',#3574,#2864,#2865);
#2574=AXIS2_PLACEMENT_3D('',#3578,#2868,#2869);
#2575=AXIS2_PLACEMENT_3D('',#3580,#2871,#2872);
#2576=AXIS2_PLACEMENT_3D('',#3589,#2877,#2878);
#2577=AXIS2_PLACEMENT_3D('',#3595,#2882,#2883);
#2578=AXIS2_PLACEMENT_3D('',#3599,#2886,#2887);
#2579=AXIS2_PLACEMENT_3D('',#3603,#2890,#2891);
#2580=AXIS2_PLACEMENT_3D('',#3607,#2894,#2895);
#2581=AXIS2_PLACEMENT_3D('',#3609,#2897,#2898);
#2582=AXIS2_PLACEMENT_3D('',#3618,#2903,#2904);
#2583=AXIS2_PLACEMENT_3D('',#3620,#2906,#2907);
#2584=AXIS2_PLACEMENT_3D('',#3622,#2909,#2910);
#2585=AXIS2_PLACEMENT_3D('',#3624,#2912,#2913);
#2586=AXIS2_PLACEMENT_3D('',#3625,#2914,#2915);
#2587=AXIS2_PLACEMENT_3D('',#3628,#2918,#2919);
#2588=AXIS2_PLACEMENT_3D('',#3630,#2921,#2922);
#2589=AXIS2_PLACEMENT_3D('',#3631,#2923,#2924);
#2590=AXIS2_PLACEMENT_3D('',#3632,#2925,#2926);
#2591=AXIS2_PLACEMENT_3D('',#3638,#2930,#2931);
#2592=AXIS2_PLACEMENT_3D('',#3642,#2934,#2935);
#2593=AXIS2_PLACEMENT_3D('',#3646,#2938,#2939);
#2594=AXIS2_PLACEMENT_3D('',#3648,#2941,#2942);
#2595=AXIS2_PLACEMENT_3D('',#3657,#2947,#2948);
#2596=AXIS2_PLACEMENT_3D('',#3663,#2952,#2953);
#2597=AXIS2_PLACEMENT_3D('',#3667,#2956,#2957);
#2598=AXIS2_PLACEMENT_3D('',#3671,#2960,#2961);
#2599=AXIS2_PLACEMENT_3D('',#3675,#2964,#2965);
#2600=AXIS2_PLACEMENT_3D('',#3677,#2967,#2968);
#2601=AXIS2_PLACEMENT_3D('',#3686,#2973,#2974);
#2602=AXIS2_PLACEMENT_3D('',#3692,#2978,#2979);
#2603=AXIS2_PLACEMENT_3D('',#3696,#2982,#2983);
#2604=AXIS2_PLACEMENT_3D('',#3700,#2986,#2987);
#2605=AXIS2_PLACEMENT_3D('',#3704,#2990,#2991);
#2606=AXIS2_PLACEMENT_3D('',#3706,#2993,#2994);
#2607=AXIS2_PLACEMENT_3D('',#3715,#2999,#3000);
#2608=AXIS2_PLACEMENT_3D('',#3721,#3004,#3005);
#2609=AXIS2_PLACEMENT_3D('',#3725,#3008,#3009);
#2610=AXIS2_PLACEMENT_3D('',#3729,#3012,#3013);
#2611=AXIS2_PLACEMENT_3D('',#3733,#3016,#3017);
#2612=AXIS2_PLACEMENT_3D('',#3735,#3019,#3020);
#2613=AXIS2_PLACEMENT_3D('',#3744,#3025,#3026);
#2614=AXIS2_PLACEMENT_3D('',#3753,#3031,#3032);
#2615=AXIS2_PLACEMENT_3D('',#3756,#3035,#3036);
#2616=AXIS2_PLACEMENT_3D('',#3758,#3038,#3039);
#2617=AXIS2_PLACEMENT_3D('',#3760,#3041,#3042);
#2618=AXIS2_PLACEMENT_3D('',#3761,#3043,#3044);
#2619=AXIS2_PLACEMENT_3D('',#3767,#3048,#3049);
#2620=AXIS2_PLACEMENT_3D('',#3771,#3052,#3053);
#2621=AXIS2_PLACEMENT_3D('',#3775,#3056,#3057);
#2622=AXIS2_PLACEMENT_3D('',#3777,#3059,#3060);
#2623=AXIS2_PLACEMENT_3D('',#3778,#3061,#3062);
#2624=AXIS2_PLACEMENT_3D('',#3787,#3067,#3068);
#2625=AXIS2_PLACEMENT_3D('',#3790,#3071,#3072);
#2626=AXIS2_PLACEMENT_3D('',#3792,#3074,#3075);
#2627=AXIS2_PLACEMENT_3D('',#3794,#3077,#3078);
#2628=AXIS2_PLACEMENT_3D('',#3795,#3079,#3080);
#2629=AXIS2_PLACEMENT_3D('',#3801,#3084,#3085);
#2630=AXIS2_PLACEMENT_3D('',#3805,#3088,#3089);
#2631=AXIS2_PLACEMENT_3D('',#3809,#3092,#3093);
#2632=AXIS2_PLACEMENT_3D('',#3811,#3095,#3096);
#2633=AXIS2_PLACEMENT_3D('',#3812,#3097,#3098);
#2634=AXIS2_PLACEMENT_3D('',#3821,#3103,#3104);
#2635=AXIS2_PLACEMENT_3D('',#3824,#3107,#3108);
#2636=AXIS2_PLACEMENT_3D('',#3826,#3110,#3111);
#2637=AXIS2_PLACEMENT_3D('',#3828,#3113,#3114);
#2638=AXIS2_PLACEMENT_3D('',#3829,#3115,#3116);
#2639=AXIS2_PLACEMENT_3D('',#3838,#3121,#3122);
#2640=AXIS2_PLACEMENT_3D('',#3841,#3125,#3126);
#2641=AXIS2_PLACEMENT_3D('',#3843,#3128,#3129);
#2642=AXIS2_PLACEMENT_3D('',#3845,#3131,#3132);
#2643=AXIS2_PLACEMENT_3D('',#3846,#3133,#3134);
#2644=AXIS2_PLACEMENT_3D('',#3855,#3139,#3140);
#2645=AXIS2_PLACEMENT_3D('',#3858,#3143,#3144);
#2646=AXIS2_PLACEMENT_3D('',#3860,#3146,#3147);
#2647=AXIS2_PLACEMENT_3D('',#3862,#3149,#3150);
#2648=AXIS2_PLACEMENT_3D('',#3863,#3151,#3152);
#2649=AXIS2_PLACEMENT_3D('',#3869,#3156,#3157);
#2650=AXIS2_PLACEMENT_3D('',#3873,#3160,#3161);
#2651=AXIS2_PLACEMENT_3D('',#3877,#3164,#3165);
#2652=AXIS2_PLACEMENT_3D('',#3879,#3167,#3168);
#2653=AXIS2_PLACEMENT_3D('',#3880,#3169,#3170);
#2654=AXIS2_PLACEMENT_3D('',#3886,#3174,#3175);
#2655=AXIS2_PLACEMENT_3D('',#3890,#3178,#3179);
#2656=AXIS2_PLACEMENT_3D('',#3894,#3182,#3183);
#2657=AXIS2_PLACEMENT_3D('',#3896,#3185,#3186);
#2658=AXIS2_PLACEMENT_3D('',#3897,#3187,#3188);
#2659=AXIS2_PLACEMENT_3D('',#3903,#3192,#3193);
#2660=AXIS2_PLACEMENT_3D('',#3907,#3196,#3197);
#2661=AXIS2_PLACEMENT_3D('',#3911,#3200,#3201);
#2662=AXIS2_PLACEMENT_3D('',#3913,#3203,#3204);
#2663=AXIS2_PLACEMENT_3D('',#3914,#3205,#3206);
#2664=AXIS2_PLACEMENT_3D('',#3923,#3211,#3212);
#2665=AXIS2_PLACEMENT_3D('',#3926,#3215,#3216);
#2666=AXIS2_PLACEMENT_3D('',#3928,#3218,#3219);
#2667=AXIS2_PLACEMENT_3D('',#3930,#3221,#3222);
#2668=AXIS2_PLACEMENT_3D('',#3931,#3223,#3224);
#2669=AXIS2_PLACEMENT_3D('',#3940,#3229,#3230);
#2670=AXIS2_PLACEMENT_3D('',#3943,#3233,#3234);
#2671=AXIS2_PLACEMENT_3D('',#3945,#3236,#3237);
#2672=AXIS2_PLACEMENT_3D('',#3947,#3239,#3240);
#2673=AXIS2_PLACEMENT_3D('',#3948,#3241,#3242);
#2674=AXIS2_PLACEMENT_3D('',#3957,#3247,#3248);
#2675=AXIS2_PLACEMENT_3D('',#3960,#3251,#3252);
#2676=AXIS2_PLACEMENT_3D('',#3962,#3254,#3255);
#2677=AXIS2_PLACEMENT_3D('',#3964,#3257,#3258);
#2678=AXIS2_PLACEMENT_3D('',#3965,#3259,#3260);
#2679=AXIS2_PLACEMENT_3D('',#3971,#3264,#3265);
#2680=AXIS2_PLACEMENT_3D('',#3975,#3268,#3269);
#2681=AXIS2_PLACEMENT_3D('',#3979,#3272,#3273);
#2682=AXIS2_PLACEMENT_3D('',#3981,#3275,#3276);
#2683=AXIS2_PLACEMENT_3D('',#3982,#3277,#3278);
#2684=AXIS2_PLACEMENT_3D('',#3988,#3282,#3283);
#2685=AXIS2_PLACEMENT_3D('',#3992,#3286,#3287);
#2686=AXIS2_PLACEMENT_3D('',#3996,#3290,#3291);
#2687=AXIS2_PLACEMENT_3D('',#3998,#3293,#3294);
#2688=AXIS2_PLACEMENT_3D('',#3999,#3295,#3296);
#2689=AXIS2_PLACEMENT_3D('',#4005,#3300,#3301);
#2690=AXIS2_PLACEMENT_3D('',#4009,#3304,#3305);
#2691=AXIS2_PLACEMENT_3D('',#4013,#3308,#3309);
#2692=AXIS2_PLACEMENT_3D('',#4015,#3311,#3312);
#2693=AXIS2_PLACEMENT_3D('',#4016,#3313,#3314);
#2694=DIRECTION('',(0.,0.,1.));
#2695=DIRECTION('',(1.,0.,0.));
#2696=DIRECTION('',(-1.,0.,0.));
#2697=DIRECTION('',(0.,0.,1.));
#2698=DIRECTION('',(1.,0.,-1.37676466347366E-15));
#2699=DIRECTION('',(0.707106781186547,0.,-0.707106781186547));
#2700=DIRECTION('',(4.58921554491219E-16,0.,-1.));
#2701=DIRECTION('',(-1.,0.,0.));
#2702=DIRECTION('',(0.,0.,-1.));
#2703=DIRECTION('',(1.,0.,-1.40544726062936E-15));
#2704=DIRECTION('',(0.707106781186547,0.,-0.707106781186547));
#2705=DIRECTION('',(4.58921554491219E-16,0.,-1.));
#2706=DIRECTION('',(0.,0.,-1.));
#2707=DIRECTION('',(1.,0.,-1.34997935873681E-16));
#2708=DIRECTION('',(0.,0.,1.));
#2709=DIRECTION('',(-1.,0.,-1.34997935873681E-16));
#2710=DIRECTION('',(1.,0.,4.58921554491219E-16));
#2711=DIRECTION('',(3.41480999208033E-16,0.,-1.));
#2712=DIRECTION('',(-1.,0.,8.53702498020082E-17));
#2713=DIRECTION('',(-4.58921554491219E-16,0.,1.));
#2714=DIRECTION('',(0.707106781186547,0.,0.707106781186547));
#2715=DIRECTION('',(0.707106781186547,0.,-0.707106781186548));
#2716=DIRECTION('',(5.87993241691874E-16,0.,-1.));
#2717=DIRECTION('',(-1.,0.,0.));
#2718=DIRECTION('',(0.,0.,1.));
#2719=DIRECTION('',(1.,0.,-1.40544726062936E-15));
#2720=DIRECTION('',(1.,0.,6.61619435965563E-16));
#2721=DIRECTION('',(0.,0.,-1.));
#2722=DIRECTION('',(-1.,0.,0.));
#2723=DIRECTION('',(0.,0.,1.));
#2724=DIRECTION('',(1.,0.,4.58921554491219E-16));
#2725=DIRECTION('',(3.41480999208033E-16,0.,-1.));
#2726=DIRECTION('',(-1.,0.,8.53702498020082E-17));
#2727=DIRECTION('',(-4.58921554491219E-16,0.,1.));
#2728=DIRECTION('',(0.707106781186547,0.,0.707106781186548));
#2729=DIRECTION('',(1.,0.,4.73262853069069E-16));
#2730=DIRECTION('',(3.41480999208033E-16,0.,-1.));
#2731=DIRECTION('',(-1.,0.,1.70740499604016E-16));
#2732=DIRECTION('',(-4.58921554491219E-16,0.,1.));
#2733=DIRECTION('',(0.707106781186547,0.,0.707106781186547));
#2734=DIRECTION('',(0.707106781186547,0.,-0.707106781186548));
#2735=DIRECTION('',(5.87993241691874E-16,0.,-1.));
#2736=DIRECTION('',(-1.,0.,0.));
#2737=DIRECTION('',(0.,0.,1.));
#2738=DIRECTION('',(1.,0.,-1.37676466347366E-15));
#2739=DIRECTION('',(0.,-1.,0.));
#2740=DIRECTION('',(0.,0.,-1.));
#2741=DIRECTION('',(0.,0.,-1.));
#2742=DIRECTION('',(0.,1.,0.));
#2743=DIRECTION('',(0.,1.,0.));
#2744=DIRECTION('',(1.,0.,0.));
#2745=DIRECTION('',(0.,0.,-1.));
#2746=DIRECTION('',(1.,0.,-1.34997935873681E-16));
#2747=DIRECTION('',(0.,1.,0.));
#2748=DIRECTION('',(1.34997935873681E-16,0.,1.));
#2749=DIRECTION('',(1.,0.,-1.34874750257197E-16));
#2750=DIRECTION('',(0.,0.,1.));
#2751=DIRECTION('',(0.,1.,0.));
#2752=DIRECTION('',(-1.,0.,0.));
#2753=DIRECTION('',(0.,0.,1.));
#2754=DIRECTION('',(-1.,0.,0.));
#2755=DIRECTION('',(0.,1.,-1.79950568047387E-16));
#2756=DIRECTION('',(-1.,0.,0.));
#2757=DIRECTION('',(0.,1.,-1.79950568047387E-16));
#2758=DIRECTION('',(-1.,0.,-1.34997935873681E-16));
#2759=DIRECTION('',(1.34997935873681E-16,0.,-1.));
#2760=DIRECTION('',(-1.,0.,-1.34874750257197E-16));
#2761=DIRECTION('',(-1.,0.,0.));
#2762=DIRECTION('',(0.,0.,-1.));
#2763=DIRECTION('',(1.,0.,-1.01643953670516E-15));
#2764=DIRECTION('',(0.,0.,1.));
#2765=DIRECTION('',(-1.,0.,0.));
#2766=DIRECTION('',(0.,0.,-1.));
#2767=DIRECTION('',(1.,0.,-1.01643953670516E-15));
#2768=DIRECTION('',(0.,0.,1.));
#2769=DIRECTION('',(-1.,0.,0.));
#2770=DIRECTION('',(0.,0.,-1.));
#2771=DIRECTION('',(1.,0.,-1.01643953670516E-15));
#2772=DIRECTION('',(0.,0.,1.));
#2773=DIRECTION('',(-1.,0.,0.));
#2774=DIRECTION('',(0.,0.,-1.));
#2775=DIRECTION('',(1.,0.,0.));
#2776=DIRECTION('',(0.,0.,1.));
#2777=DIRECTION('',(-1.,0.,0.));
#2778=DIRECTION('',(0.,0.,-1.));
#2779=DIRECTION('',(1.,0.,0.));
#2780=DIRECTION('',(0.,0.,1.));
#2781=DIRECTION('',(-1.,0.,0.));
#2782=DIRECTION('',(0.,0.,-1.));
#2783=DIRECTION('',(1.,0.,0.));
#2784=DIRECTION('',(0.,0.,1.));
#2785=DIRECTION('',(-1.,0.,0.));
#2786=DIRECTION('',(0.,0.,-1.));
#2787=DIRECTION('',(1.,0.,-1.01643953670516E-15));
#2788=DIRECTION('',(0.,0.,1.));
#2789=DIRECTION('',(-1.,0.,0.));
#2790=DIRECTION('',(0.,0.,-1.));
#2791=DIRECTION('',(1.,0.,0.));
#2792=DIRECTION('',(0.,0.,1.));
#2793=DIRECTION('',(0.,-1.,0.));
#2794=DIRECTION('',(0.,0.,-1.));
#2795=DIRECTION('',(0.,-1.,0.));
#2796=DIRECTION('',(0.,0.,-1.));
#2797=DIRECTION('',(0.,-0.76443331959712,-0.644702799660221));
#2798=DIRECTION('',(0.,-0.76443331959712,-0.644702799660221));
#2799=DIRECTION('',(-1.,0.,0.));
#2800=DIRECTION('',(0.,0.644702799660221,-0.76443331959712));
#2801=DIRECTION('',(0.,0.76443331959712,0.644702799660221));
#2802=DIRECTION('',(0.,4.02703664066044E-15,1.));
#2803=DIRECTION('',(-1.,0.,0.));
#2804=DIRECTION('',(0.,4.02703664066044E-15,1.));
#2805=DIRECTION('',(0.,-1.,4.02703664066044E-15));
#2806=DIRECTION('',(0.,-4.02716054948016E-15,-1.));
#2807=DIRECTION('',(0.,-1.,0.));
#2808=DIRECTION('',(0.,-1.,0.));
#2809=DIRECTION('',(0.,0.,-1.));
#2810=DIRECTION('',(-1.,0.,0.));
#2811=DIRECTION('',(-1.,0.,0.));
#2812=DIRECTION('',(0.,0.,1.));
#2813=DIRECTION('',(-1.,0.,0.));
#2814=DIRECTION('',(0.,0.,1.));
#2815=DIRECTION('',(0.,-1.,0.));
#2816=DIRECTION('',(0.,0.,-1.));
#2817=DIRECTION('',(0.,-1.,0.));
#2818=DIRECTION('',(0.,0.,-1.));
#2819=DIRECTION('',(0.,1.,0.));
#2820=DIRECTION('',(0.,0.,-1.));
#2821=DIRECTION('',(0.,-1.,0.));
#2822=DIRECTION('',(0.,0.,-1.));
#2823=DIRECTION('',(0.,-1.,0.));
#2824=DIRECTION('',(0.,-4.33500966093272E-17,-1.));
#2825=DIRECTION('',(0.,0.,1.));
#2826=DIRECTION('',(0.,-1.,0.));
#2827=DIRECTION('',(0.,-1.,0.));
#2828=DIRECTION('',(1.,0.,0.));
#2829=DIRECTION('',(0.,0.,-1.));
#2830=DIRECTION('',(0.,0.,-1.));
#2831=DIRECTION('',(0.,1.,0.));
#2832=DIRECTION('',(0.,1.,0.));
#2833=DIRECTION('',(-1.,0.,0.));
#2834=DIRECTION('',(0.,0.,1.));
#2835=DIRECTION('',(0.,0.,-1.));
#2836=DIRECTION('',(-1.,0.,0.));
#2837=DIRECTION('',(0.,0.,1.));
#2838=DIRECTION('',(1.,0.,-1.01643953670516E-15));
#2839=DIRECTION('',(0.,0.,-1.));
#2840=DIRECTION('',(-1.,0.,0.));
#2841=DIRECTION('',(0.,0.,1.));
#2842=DIRECTION('',(1.,0.,0.));
#2843=DIRECTION('',(-1.,0.,0.));
#2844=DIRECTION('',(4.58921554491219E-16,0.,-1.));
#2845=DIRECTION('',(0.707106781186547,0.,-0.707106781186547));
#2846=DIRECTION('',(1.,0.,-1.37676466347366E-15));
#2847=DIRECTION('',(-1.,0.,0.));
#2848=DIRECTION('',(4.58921554491219E-16,0.,-1.));
#2849=DIRECTION('',(0.707106781186547,0.,-0.707106781186547));
#2850=DIRECTION('',(1.,0.,-1.40544726062936E-15));
#2851=DIRECTION('',(0.,-1.,0.));
#2852=DIRECTION('',(0.,0.,-1.));
#2853=DIRECTION('',(-3.41480999208033E-16,0.,1.));
#2854=DIRECTION('',(0.,-1.,0.));
#2855=DIRECTION('',(0.,-1.,0.));
#2856=DIRECTION('',(1.,0.,3.41480999208033E-16));
#2857=DIRECTION('',(3.41740524767431E-16,0.,-1.));
#2858=DIRECTION('',(-1.,0.,-4.58921554491219E-16));
#2859=DIRECTION('',(0.,-1.,0.));
#2860=DIRECTION('',(-4.58921554491219E-16,0.,1.));
#2861=DIRECTION('',(1.,0.,4.58834359395865E-16));
#2862=DIRECTION('',(-0.707106781186547,0.,-0.707106781186547));
#2863=DIRECTION('',(0.,-1.,0.));
#2864=DIRECTION('',(-0.707106781186547,0.,0.707106781186547));
#2865=DIRECTION('',(0.707106781186548,0.,0.707106781186548));
#2866=DIRECTION('',(4.58921554491219E-16,0.,-1.));
#2867=DIRECTION('',(0.,-1.,0.));
#2868=DIRECTION('',(-1.,0.,-4.58921554491219E-16));
#2869=DIRECTION('',(-4.58834359395865E-16,0.,1.));
#2870=DIRECTION('',(1.,0.,-8.53702498020082E-17));
#2871=DIRECTION('',(-8.53702498020082E-17,0.,-1.));
#2872=DIRECTION('',(-1.,0.,8.53809210832335E-17));
#2873=DIRECTION('',(0.,0.,-1.));
#2874=DIRECTION('',(-1.,0.,0.));
#2875=DIRECTION('',(0.,0.,1.));
#2876=DIRECTION('',(1.,0.,0.));
#2877=DIRECTION('',(0.,-1.,0.));
#2878=DIRECTION('',(0.,0.,-1.));
#2879=DIRECTION('',(-5.87993241691874E-16,0.,1.));
#2880=DIRECTION('',(0.,-1.,0.));
#2881=DIRECTION('',(0.,-1.,0.));
#2882=DIRECTION('',(1.,0.,5.87993241691874E-16));
#2883=DIRECTION('',(5.87989943193201E-16,0.,-1.));
#2884=DIRECTION('',(-0.707106781186547,0.,0.707106781186548));
#2885=DIRECTION('',(0.,-1.,0.));
#2886=DIRECTION('',(0.707106781186548,0.,0.707106781186547));
#2887=DIRECTION('',(0.707106781186547,0.,-0.707106781186548));
#2888=DIRECTION('',(-1.,0.,1.40544726062936E-15));
#2889=DIRECTION('',(0.,-1.,0.));
#2890=DIRECTION('',(1.40544726062936E-15,0.,1.));
#2891=DIRECTION('',(1.,0.,-1.40545127619296E-15));
#2892=DIRECTION('',(0.,0.,-1.));
#2893=DIRECTION('',(0.,-1.,0.));
#2894=DIRECTION('',(-1.,0.,0.));
#2895=DIRECTION('',(0.,0.,1.));
#2896=DIRECTION('',(1.,0.,0.));
#2897=DIRECTION('',(0.,0.,-1.));
#2898=DIRECTION('',(-1.,0.,0.));
#2899=DIRECTION('',(0.,0.,-1.));
#2900=DIRECTION('',(-1.,0.,0.));
#2901=DIRECTION('',(0.,0.,1.));
#2902=DIRECTION('',(1.,0.,-1.01643953670516E-15));
#2903=DIRECTION('',(0.,-1.,0.));
#2904=DIRECTION('',(0.,0.,-1.));
#2905=DIRECTION('',(0.,-1.,0.));
#2906=DIRECTION('',(0.,0.,-1.));
#2907=DIRECTION('',(-1.,0.,0.));
#2908=DIRECTION('',(0.,-1.,0.));
#2909=DIRECTION('',(1.,0.,4.58921554491219E-16));
#2910=DIRECTION('',(4.58834359395865E-16,0.,-1.));
#2911=DIRECTION('',(0.,-1.,0.));
#2912=DIRECTION('',(0.707106781186547,0.,0.707106781186547));
#2913=DIRECTION('',(0.707106781186548,0.,-0.707106781186548));
#2914=DIRECTION('',(1.37676466347366E-15,0.,1.));
#2915=DIRECTION('',(1.,0.,-1.37693675905659E-15));
#2916=DIRECTION('',(0.,-1.,0.));
#2917=DIRECTION('',(0.,-1.,0.));
#2918=DIRECTION('',(1.,0.,4.58921554491219E-16));
#2919=DIRECTION('',(4.58834359395865E-16,0.,-1.));
#2920=DIRECTION('',(0.,-1.,0.));
#2921=DIRECTION('',(0.707106781186547,0.,0.707106781186547));
#2922=DIRECTION('',(0.707106781186548,0.,-0.707106781186548));
#2923=DIRECTION('',(1.40544726062936E-15,0.,1.));
#2924=DIRECTION('',(1.,0.,-1.40545127619296E-15));
#2925=DIRECTION('',(0.,0.,-1.));
#2926=DIRECTION('',(-1.,0.,0.));
#2927=DIRECTION('',(0.,0.,1.));
#2928=DIRECTION('',(0.,-1.,0.));
#2929=DIRECTION('',(0.,-1.,0.));
#2930=DIRECTION('',(1.,0.,0.));
#2931=DIRECTION('',(0.,0.,-1.));
#2932=DIRECTION('',(-1.,0.,-6.61619435965563E-16));
#2933=DIRECTION('',(0.,-1.,0.));
#2934=DIRECTION('',(-6.61619435965563E-16,0.,1.));
#2935=DIRECTION('',(1.,0.,6.61607270704967E-16));
#2936=DIRECTION('',(0.,0.,-1.));
#2937=DIRECTION('',(0.,-1.,0.));
#2938=DIRECTION('',(-1.,0.,0.));
#2939=DIRECTION('',(0.,0.,1.));
#2940=DIRECTION('',(1.,0.,0.));
#2941=DIRECTION('',(0.,0.,-1.));
#2942=DIRECTION('',(-1.,0.,0.));
#2943=DIRECTION('',(0.,0.,-1.));
#2944=DIRECTION('',(-1.,0.,0.));
#2945=DIRECTION('',(0.,0.,1.));
#2946=DIRECTION('',(1.,0.,-1.01643953670516E-15));
#2947=DIRECTION('',(0.,-1.,0.));
#2948=DIRECTION('',(0.,0.,-1.));
#2949=DIRECTION('',(-3.41480999208033E-16,0.,1.));
#2950=DIRECTION('',(0.,-1.,0.));
#2951=DIRECTION('',(0.,-1.,0.));
#2952=DIRECTION('',(1.,0.,3.41480999208033E-16));
#2953=DIRECTION('',(3.41306843898437E-16,0.,-1.));
#2954=DIRECTION('',(-1.,0.,-4.58921554491219E-16));
#2955=DIRECTION('',(0.,-1.,0.));
#2956=DIRECTION('',(-4.58921554491219E-16,0.,1.));
#2957=DIRECTION('',(1.,0.,4.58834359395865E-16));
#2958=DIRECTION('',(-0.707106781186547,0.,-0.707106781186548));
#2959=DIRECTION('',(0.,-1.,0.));
#2960=DIRECTION('',(-0.707106781186548,0.,0.707106781186547));
#2961=DIRECTION('',(0.707106781186547,0.,0.707106781186548));
#2962=DIRECTION('',(4.58921554491219E-16,0.,-1.));
#2963=DIRECTION('',(0.,-1.,0.));
#2964=DIRECTION('',(-1.,0.,-4.58921554491219E-16));
#2965=DIRECTION('',(-4.58915674558802E-16,0.,1.));
#2966=DIRECTION('',(1.,0.,-8.53702498020082E-17));
#2967=DIRECTION('',(-8.53702498020082E-17,0.,-1.));
#2968=DIRECTION('',(-1.,0.,8.53809210832335E-17));
#2969=DIRECTION('',(0.,0.,-1.));
#2970=DIRECTION('',(-1.,0.,0.));
#2971=DIRECTION('',(0.,0.,1.));
#2972=DIRECTION('',(1.,0.,0.));
#2973=DIRECTION('',(0.,-1.,0.));
#2974=DIRECTION('',(0.,0.,-1.));
#2975=DIRECTION('',(-3.41480999208033E-16,0.,1.));
#2976=DIRECTION('',(0.,-1.,0.));
#2977=DIRECTION('',(0.,-1.,0.));
#2978=DIRECTION('',(1.,0.,3.41480999208033E-16));
#2979=DIRECTION('',(3.41306843898437E-16,0.,-1.));
#2980=DIRECTION('',(-1.,0.,-4.73262853069069E-16));
#2981=DIRECTION('',(0.,-1.,0.));
#2982=DIRECTION('',(-4.73262853069069E-16,0.,1.));
#2983=DIRECTION('',(1.,0.,4.73254248289923E-16));
#2984=DIRECTION('',(-0.707106781186547,0.,-0.707106781186547));
#2985=DIRECTION('',(0.,-1.,0.));
#2986=DIRECTION('',(-0.707106781186547,0.,0.707106781186547));
#2987=DIRECTION('',(0.707106781186548,0.,0.707106781186548));
#2988=DIRECTION('',(4.58921554491219E-16,0.,-1.));
#2989=DIRECTION('',(0.,-1.,0.));
#2990=DIRECTION('',(-1.,0.,-4.58921554491219E-16));
#2991=DIRECTION('',(-4.58915674558802E-16,0.,1.));
#2992=DIRECTION('',(1.,0.,-1.70740499604016E-16));
#2993=DIRECTION('',(-1.70740499604016E-16,0.,-1.));
#2994=DIRECTION('',(-1.,0.,1.70870262383715E-16));
#2995=DIRECTION('',(0.,0.,-1.));
#2996=DIRECTION('',(-1.,0.,0.));
#2997=DIRECTION('',(0.,0.,1.));
#2998=DIRECTION('',(1.,0.,-1.01643953670516E-15));
#2999=DIRECTION('',(0.,-1.,0.));
#3000=DIRECTION('',(0.,0.,-1.));
#3001=DIRECTION('',(-5.87993241691874E-16,0.,1.));
#3002=DIRECTION('',(0.,-1.,0.));
#3003=DIRECTION('',(0.,-1.,0.));
#3004=DIRECTION('',(1.,0.,5.87993241691874E-16));
#3005=DIRECTION('',(5.87989943193201E-16,0.,-1.));
#3006=DIRECTION('',(-0.707106781186547,0.,0.707106781186548));
#3007=DIRECTION('',(0.,-1.,0.));
#3008=DIRECTION('',(0.707106781186548,0.,0.707106781186547));
#3009=DIRECTION('',(0.707106781186547,0.,-0.707106781186548));
#3010=DIRECTION('',(-1.,0.,1.37676466347366E-15));
#3011=DIRECTION('',(0.,-1.,0.));
#3012=DIRECTION('',(1.37676466347366E-15,0.,1.));
#3013=DIRECTION('',(1.,0.,-1.37693675905659E-15));
#3014=DIRECTION('',(0.,0.,-1.));
#3015=DIRECTION('',(0.,-1.,0.));
#3016=DIRECTION('',(-1.,0.,0.));
#3017=DIRECTION('',(0.,0.,1.));
#3018=DIRECTION('',(1.,0.,0.));
#3019=DIRECTION('',(0.,0.,-1.));
#3020=DIRECTION('',(-1.,0.,0.));
#3021=DIRECTION('',(0.,0.,-1.));
#3022=DIRECTION('',(-1.,0.,0.));
#3023=DIRECTION('',(0.,0.,1.));
#3024=DIRECTION('',(1.,0.,0.));
#3025=DIRECTION('',(0.,-1.,0.));
#3026=DIRECTION('',(0.,0.,-1.));
#3027=DIRECTION('',(0.,0.,-1.));
#3028=DIRECTION('',(1.,0.,0.));
#3029=DIRECTION('',(0.,0.,1.));
#3030=DIRECTION('',(-1.,0.,0.));
#3031=DIRECTION('',(0.,-1.,0.));
#3032=DIRECTION('',(0.,0.,-1.));
#3033=DIRECTION('',(0.,-1.,0.));
#3034=DIRECTION('',(0.,-1.,0.));
#3035=DIRECTION('',(0.,0.,1.));
#3036=DIRECTION('',(1.,0.,0.));
#3037=DIRECTION('',(0.,-1.,0.));
#3038=DIRECTION('',(1.,0.,0.));
#3039=DIRECTION('',(0.,0.,-1.));
#3040=DIRECTION('',(0.,-1.,0.));
#3041=DIRECTION('',(0.,0.,-1.));
#3042=DIRECTION('',(-1.,0.,0.));
#3043=DIRECTION('',(-1.,0.,0.));
#3044=DIRECTION('',(0.,0.,1.));
#3045=DIRECTION('',(0.,-1.,0.));
#3046=DIRECTION('',(0.,0.,-1.));
#3047=DIRECTION('',(0.,-1.,0.));
#3048=DIRECTION('',(-1.,0.,0.));
#3049=DIRECTION('',(0.,0.,1.));
#3050=DIRECTION('',(1.,0.,0.));
#3051=DIRECTION('',(0.,-1.,0.));
#3052=DIRECTION('',(0.,0.,-1.));
#3053=DIRECTION('',(-1.,0.,0.));
#3054=DIRECTION('',(0.,0.,1.));
#3055=DIRECTION('',(0.,-1.,0.));
#3056=DIRECTION('',(1.,0.,0.));
#3057=DIRECTION('',(0.,0.,-1.));
#3058=DIRECTION('',(-1.,0.,0.));
#3059=DIRECTION('',(0.,0.,1.));
#3060=DIRECTION('',(1.,0.,0.));
#3061=DIRECTION('',(0.,-1.,0.));
#3062=DIRECTION('',(0.,0.,-1.));
#3063=DIRECTION('',(0.,0.,-1.));
#3064=DIRECTION('',(1.,0.,-1.01643953670516E-15));
#3065=DIRECTION('',(0.,0.,1.));
#3066=DIRECTION('',(-1.,0.,0.));
#3067=DIRECTION('',(0.,-1.,0.));
#3068=DIRECTION('',(0.,0.,-1.));
#3069=DIRECTION('',(0.,-1.,0.));
#3070=DIRECTION('',(0.,-1.,0.));
#3071=DIRECTION('',(0.,0.,1.));
#3072=DIRECTION('',(1.,0.,0.));
#3073=DIRECTION('',(0.,-1.,0.));
#3074=DIRECTION('',(1.,0.,0.));
#3075=DIRECTION('',(0.,0.,-1.));
#3076=DIRECTION('',(0.,-1.,0.));
#3077=DIRECTION('',(-1.01643953670516E-15,0.,-1.));
#3078=DIRECTION('',(-1.,0.,1.01633111648791E-15));
#3079=DIRECTION('',(-1.,0.,0.));
#3080=DIRECTION('',(0.,0.,1.));
#3081=DIRECTION('',(0.,-1.,0.));
#3082=DIRECTION('',(0.,0.,-1.));
#3083=DIRECTION('',(0.,-1.,0.));
#3084=DIRECTION('',(-1.,0.,0.));
#3085=DIRECTION('',(0.,0.,1.));
#3086=DIRECTION('',(1.,0.,-1.01643953670516E-15));
#3087=DIRECTION('',(0.,-1.,0.));
#3088=DIRECTION('',(-1.01643953670516E-15,0.,-1.));
#3089=DIRECTION('',(-1.,0.,1.01633111648791E-15));
#3090=DIRECTION('',(0.,0.,1.));
#3091=DIRECTION('',(0.,-1.,0.));
#3092=DIRECTION('',(1.,0.,0.));
#3093=DIRECTION('',(0.,0.,-1.));
#3094=DIRECTION('',(-1.,0.,0.));
#3095=DIRECTION('',(0.,0.,1.));
#3096=DIRECTION('',(1.,0.,0.));
#3097=DIRECTION('',(0.,-1.,0.));
#3098=DIRECTION('',(0.,0.,-1.));
#3099=DIRECTION('',(0.,0.,-1.));
#3100=DIRECTION('',(1.,0.,0.));
#3101=DIRECTION('',(0.,0.,1.));
#3102=DIRECTION('',(-1.,0.,0.));
#3103=DIRECTION('',(0.,-1.,0.));
#3104=DIRECTION('',(0.,0.,-1.));
#3105=DIRECTION('',(0.,-1.,0.));
#3106=DIRECTION('',(0.,-1.,0.));
#3107=DIRECTION('',(0.,0.,1.));
#3108=DIRECTION('',(1.,0.,0.));
#3109=DIRECTION('',(0.,-1.,0.));
#3110=DIRECTION('',(1.,0.,0.));
#3111=DIRECTION('',(0.,0.,-1.));
#3112=DIRECTION('',(0.,-1.,0.));
#3113=DIRECTION('',(0.,0.,-1.));
#3114=DIRECTION('',(-1.,0.,0.));
#3115=DIRECTION('',(-1.,0.,0.));
#3116=DIRECTION('',(0.,0.,1.));
#3117=DIRECTION('',(0.,0.,-1.));
#3118=DIRECTION('',(1.,0.,0.));
#3119=DIRECTION('',(0.,0.,1.));
#3120=DIRECTION('',(-1.,0.,0.));
#3121=DIRECTION('',(0.,-1.,0.));
#3122=DIRECTION('',(0.,0.,-1.));
#3123=DIRECTION('',(0.,-1.,0.));
#3124=DIRECTION('',(0.,-1.,0.));
#3125=DIRECTION('',(0.,0.,1.));
#3126=DIRECTION('',(1.,0.,0.));
#3127=DIRECTION('',(0.,-1.,0.));
#3128=DIRECTION('',(1.,0.,0.));
#3129=DIRECTION('',(0.,0.,-1.));
#3130=DIRECTION('',(0.,-1.,0.));
#3131=DIRECTION('',(0.,0.,-1.));
#3132=DIRECTION('',(-1.,0.,0.));
#3133=DIRECTION('',(-1.,0.,0.));
#3134=DIRECTION('',(0.,0.,1.));
#3135=DIRECTION('',(0.,0.,-1.));
#3136=DIRECTION('',(1.,0.,0.));
#3137=DIRECTION('',(0.,0.,1.));
#3138=DIRECTION('',(-1.,0.,0.));
#3139=DIRECTION('',(0.,-1.,0.));
#3140=DIRECTION('',(0.,0.,-1.));
#3141=DIRECTION('',(0.,-1.,0.));
#3142=DIRECTION('',(0.,-1.,0.));
#3143=DIRECTION('',(0.,0.,1.));
#3144=DIRECTION('',(1.,0.,0.));
#3145=DIRECTION('',(0.,-1.,0.));
#3146=DIRECTION('',(1.,0.,0.));
#3147=DIRECTION('',(0.,0.,-1.));
#3148=DIRECTION('',(0.,-1.,0.));
#3149=DIRECTION('',(0.,0.,-1.));
#3150=DIRECTION('',(-1.,0.,0.));
#3151=DIRECTION('',(-1.,0.,0.));
#3152=DIRECTION('',(0.,0.,1.));
#3153=DIRECTION('',(0.,-1.,0.));
#3154=DIRECTION('',(0.,0.,-1.));
#3155=DIRECTION('',(0.,-1.,0.));
#3156=DIRECTION('',(-1.,0.,0.));
#3157=DIRECTION('',(0.,0.,1.));
#3158=DIRECTION('',(1.,0.,0.));
#3159=DIRECTION('',(0.,-1.,0.));
#3160=DIRECTION('',(0.,0.,-1.));
#3161=DIRECTION('',(-1.,0.,0.));
#3162=DIRECTION('',(0.,0.,1.));
#3163=DIRECTION('',(0.,-1.,0.));
#3164=DIRECTION('',(1.,0.,0.));
#3165=DIRECTION('',(0.,0.,-1.));
#3166=DIRECTION('',(-1.,0.,0.));
#3167=DIRECTION('',(0.,0.,1.));
#3168=DIRECTION('',(1.,0.,0.));
#3169=DIRECTION('',(0.,-1.,0.));
#3170=DIRECTION('',(0.,0.,-1.));
#3171=DIRECTION('',(0.,-1.,0.));
#3172=DIRECTION('',(0.,0.,-1.));
#3173=DIRECTION('',(0.,-1.,0.));
#3174=DIRECTION('',(-1.,0.,0.));
#3175=DIRECTION('',(0.,0.,1.));
#3176=DIRECTION('',(1.,0.,0.));
#3177=DIRECTION('',(0.,-1.,0.));
#3178=DIRECTION('',(0.,0.,-1.));
#3179=DIRECTION('',(-1.,0.,0.));
#3180=DIRECTION('',(0.,0.,1.));
#3181=DIRECTION('',(0.,-1.,0.));
#3182=DIRECTION('',(1.,0.,0.));
#3183=DIRECTION('',(0.,0.,-1.));
#3184=DIRECTION('',(-1.,0.,0.));
#3185=DIRECTION('',(0.,0.,1.));
#3186=DIRECTION('',(1.,0.,0.));
#3187=DIRECTION('',(0.,-1.,0.));
#3188=DIRECTION('',(0.,0.,-1.));
#3189=DIRECTION('',(0.,-1.,0.));
#3190=DIRECTION('',(0.,0.,-1.));
#3191=DIRECTION('',(0.,-1.,0.));
#3192=DIRECTION('',(-1.,0.,0.));
#3193=DIRECTION('',(0.,0.,1.));
#3194=DIRECTION('',(1.,0.,0.));
#3195=DIRECTION('',(0.,-1.,0.));
#3196=DIRECTION('',(0.,0.,-1.));
#3197=DIRECTION('',(-1.,0.,0.));
#3198=DIRECTION('',(0.,0.,1.));
#3199=DIRECTION('',(0.,-1.,0.));
#3200=DIRECTION('',(1.,0.,0.));
#3201=DIRECTION('',(0.,0.,-1.));
#3202=DIRECTION('',(-1.,0.,0.));
#3203=DIRECTION('',(0.,0.,1.));
#3204=DIRECTION('',(1.,0.,0.));
#3205=DIRECTION('',(0.,-1.,0.));
#3206=DIRECTION('',(0.,0.,-1.));
#3207=DIRECTION('',(0.,0.,-1.));
#3208=DIRECTION('',(1.,0.,-1.01643953670516E-15));
#3209=DIRECTION('',(0.,0.,1.));
#3210=DIRECTION('',(-1.,0.,0.));
#3211=DIRECTION('',(0.,-1.,0.));
#3212=DIRECTION('',(0.,0.,-1.));
#3213=DIRECTION('',(0.,-1.,0.));
#3214=DIRECTION('',(0.,-1.,0.));
#3215=DIRECTION('',(0.,0.,1.));
#3216=DIRECTION('',(1.,0.,0.));
#3217=DIRECTION('',(0.,-1.,0.));
#3218=DIRECTION('',(1.,0.,0.));
#3219=DIRECTION('',(0.,0.,-1.));
#3220=DIRECTION('',(0.,-1.,0.));
#3221=DIRECTION('',(-1.01643953670516E-15,0.,-1.));
#3222=DIRECTION('',(-1.,0.,1.01633111648791E-15));
#3223=DIRECTION('',(-1.,0.,0.));
#3224=DIRECTION('',(0.,0.,1.));
#3225=DIRECTION('',(0.,0.,-1.));
#3226=DIRECTION('',(1.,0.,-1.01643953670516E-15));
#3227=DIRECTION('',(0.,0.,1.));
#3228=DIRECTION('',(-1.,0.,0.));
#3229=DIRECTION('',(0.,-1.,0.));
#3230=DIRECTION('',(0.,0.,-1.));
#3231=DIRECTION('',(0.,-1.,0.));
#3232=DIRECTION('',(0.,-1.,0.));
#3233=DIRECTION('',(0.,0.,1.));
#3234=DIRECTION('',(1.,0.,0.));
#3235=DIRECTION('',(0.,-1.,0.));
#3236=DIRECTION('',(1.,0.,0.));
#3237=DIRECTION('',(0.,0.,-1.));
#3238=DIRECTION('',(0.,-1.,0.));
#3239=DIRECTION('',(-1.01643953670516E-15,0.,-1.));
#3240=DIRECTION('',(-1.,0.,1.01633111648791E-15));
#3241=DIRECTION('',(-1.,0.,0.));
#3242=DIRECTION('',(0.,0.,1.));
#3243=DIRECTION('',(0.,0.,-1.));
#3244=DIRECTION('',(1.,0.,-1.01643953670516E-15));
#3245=DIRECTION('',(0.,0.,1.));
#3246=DIRECTION('',(-1.,0.,0.));
#3247=DIRECTION('',(0.,-1.,0.));
#3248=DIRECTION('',(0.,0.,-1.));
#3249=DIRECTION('',(0.,-1.,0.));
#3250=DIRECTION('',(0.,-1.,0.));
#3251=DIRECTION('',(0.,0.,1.));
#3252=DIRECTION('',(1.,0.,0.));
#3253=DIRECTION('',(0.,-1.,0.));
#3254=DIRECTION('',(1.,0.,0.));
#3255=DIRECTION('',(0.,0.,-1.));
#3256=DIRECTION('',(0.,-1.,0.));
#3257=DIRECTION('',(-1.01643953670516E-15,0.,-1.));
#3258=DIRECTION('',(-1.,0.,1.01633111648791E-15));
#3259=DIRECTION('',(-1.,0.,0.));
#3260=DIRECTION('',(0.,0.,1.));
#3261=DIRECTION('',(0.,-1.,0.));
#3262=DIRECTION('',(0.,0.,-1.));
#3263=DIRECTION('',(0.,-1.,0.));
#3264=DIRECTION('',(-1.,0.,0.));
#3265=DIRECTION('',(0.,0.,1.));
#3266=DIRECTION('',(1.,0.,-1.01643953670516E-15));
#3267=DIRECTION('',(0.,-1.,0.));
#3268=DIRECTION('',(-1.01643953670516E-15,0.,-1.));
#3269=DIRECTION('',(-1.,0.,1.01633111648791E-15));
#3270=DIRECTION('',(0.,0.,1.));
#3271=DIRECTION('',(0.,-1.,0.));
#3272=DIRECTION('',(1.,0.,0.));
#3273=DIRECTION('',(0.,0.,-1.));
#3274=DIRECTION('',(-1.,0.,0.));
#3275=DIRECTION('',(0.,0.,1.));
#3276=DIRECTION('',(1.,0.,0.));
#3277=DIRECTION('',(0.,-1.,0.));
#3278=DIRECTION('',(0.,0.,-1.));
#3279=DIRECTION('',(0.,-1.,0.));
#3280=DIRECTION('',(0.,0.,-1.));
#3281=DIRECTION('',(0.,-1.,0.));
#3282=DIRECTION('',(-1.,0.,0.));
#3283=DIRECTION('',(0.,0.,1.));
#3284=DIRECTION('',(1.,0.,-1.01643953670516E-15));
#3285=DIRECTION('',(0.,-1.,0.));
#3286=DIRECTION('',(-1.01643953670516E-15,0.,-1.));
#3287=DIRECTION('',(-1.,0.,1.01633111648791E-15));
#3288=DIRECTION('',(0.,0.,1.));
#3289=DIRECTION('',(0.,-1.,0.));
#3290=DIRECTION('',(1.,0.,0.));
#3291=DIRECTION('',(0.,0.,-1.));
#3292=DIRECTION('',(-1.,0.,0.));
#3293=DIRECTION('',(0.,0.,1.));
#3294=DIRECTION('',(1.,0.,0.));
#3295=DIRECTION('',(0.,-1.,0.));
#3296=DIRECTION('',(0.,0.,-1.));
#3297=DIRECTION('',(0.,-1.,0.));
#3298=DIRECTION('',(0.,0.,-1.));
#3299=DIRECTION('',(0.,-1.,0.));
#3300=DIRECTION('',(-1.,0.,0.));
#3301=DIRECTION('',(0.,0.,1.));
#3302=DIRECTION('',(1.,0.,-1.01643953670516E-15));
#3303=DIRECTION('',(0.,-1.,0.));
#3304=DIRECTION('',(-1.01643953670516E-15,0.,-1.));
#3305=DIRECTION('',(-1.,0.,1.01633111648791E-15));
#3306=DIRECTION('',(0.,0.,1.));
#3307=DIRECTION('',(0.,-1.,0.));
#3308=DIRECTION('',(1.,0.,0.));
#3309=DIRECTION('',(0.,0.,-1.));
#3310=DIRECTION('',(-1.,0.,0.));
#3311=DIRECTION('',(0.,0.,1.));
#3312=DIRECTION('',(1.,0.,0.));
#3313=DIRECTION('',(0.,-1.,0.));
#3314=DIRECTION('',(0.,0.,-1.));
#3315=CARTESIAN_POINT('',(0.,0.,0.));
#3316=CARTESIAN_POINT('',(5.77,-4.955,2.77));
#3317=CARTESIAN_POINT('',(5.77,-4.955,2.77));
#3318=CARTESIAN_POINT('',(3.23,-4.955,2.77));
#3319=CARTESIAN_POINT('',(5.77,-4.955,-0.230000000000004));
#3320=CARTESIAN_POINT('',(5.77,-4.955,-2.77));
#3321=CARTESIAN_POINT('',(3.88,-4.955,-2.77));
#3322=CARTESIAN_POINT('',(3.88,-4.955,-2.77));
#3323=CARTESIAN_POINT('',(3.23,-4.955,-2.12));
#3324=CARTESIAN_POINT('',(3.23,-4.955,-2.12));
#3325=CARTESIAN_POINT('',(3.23,-4.955,-0.229999999999996));
#3326=CARTESIAN_POINT('',(3.23,-4.955,-0.229999999999996));
#3327=CARTESIAN_POINT('',(5.77,-4.955,-0.229999999999996));
#3328=CARTESIAN_POINT('',(5.12,-4.955,-0.229999999999996));
#3329=CARTESIAN_POINT('',(5.12,-4.955,0.230000000000003));
#3330=CARTESIAN_POINT('',(5.12,-4.955,0.230000000000002));
#3331=CARTESIAN_POINT('',(3.88,-4.955,0.230000000000004));
#3332=CARTESIAN_POINT('',(3.88,-4.955,0.230000000000004));
#3333=CARTESIAN_POINT('',(3.23,-4.955,0.880000000000003));
#3334=CARTESIAN_POINT('',(3.23,-4.955,0.880000000000004));
#3335=CARTESIAN_POINT('',(3.23,-4.955,2.77));
#3336=CARTESIAN_POINT('',(-6.425,-4.955,3.43));
#3337=CARTESIAN_POINT('',(-6.425,-4.955,3.43));
#3338=CARTESIAN_POINT('',(-6.425,-4.955,-3.43));
#3339=CARTESIAN_POINT('',(-6.425,-4.955,-3.43));
#3340=CARTESIAN_POINT('',(6.425,-4.955,-3.43));
#3341=CARTESIAN_POINT('',(6.425,-4.955,-3.43));
#3342=CARTESIAN_POINT('',(6.425,-4.955,3.43));
#3343=CARTESIAN_POINT('',(6.425,-4.955,3.43));
#3344=CARTESIAN_POINT('',(-5.77,-4.955,-2.77));
#3345=CARTESIAN_POINT('',(-5.77,-4.955,-2.77));
#3346=CARTESIAN_POINT('',(-3.88,-4.955,-2.77));
#3347=CARTESIAN_POINT('',(-5.77,-4.955,-0.229999999999996));
#3348=CARTESIAN_POINT('',(-5.77,-4.955,-0.229999999999996));
#3349=CARTESIAN_POINT('',(-3.23,-4.955,-0.229999999999997));
#3350=CARTESIAN_POINT('',(-3.23,-4.955,-0.229999999999997));
#3351=CARTESIAN_POINT('',(-3.23,-4.955,-2.12));
#3352=CARTESIAN_POINT('',(-3.23,-4.955,-2.12));
#3353=CARTESIAN_POINT('',(-3.88,-4.955,-2.77));
#3354=CARTESIAN_POINT('',(0.230000000000002,-4.955,0.880000000000003));
#3355=CARTESIAN_POINT('',(0.230000000000002,-4.955,0.880000000000004));
#3356=CARTESIAN_POINT('',(0.880000000000002,-4.955,0.230000000000004));
#3357=CARTESIAN_POINT('',(0.230000000000001,-4.955,2.77));
#3358=CARTESIAN_POINT('',(0.230000000000001,-4.955,2.77));
#3359=CARTESIAN_POINT('',(2.77,-4.955,2.77));
#3360=CARTESIAN_POINT('',(2.77,-4.955,2.77));
#3361=CARTESIAN_POINT('',(2.77,-4.955,0.230000000000001));
#3362=CARTESIAN_POINT('',(2.77,-4.955,0.230000000000001));
#3363=CARTESIAN_POINT('',(0.880000000000002,-4.955,0.230000000000004));
#3364=CARTESIAN_POINT('',(-5.77,-4.955,0.23));
#3365=CARTESIAN_POINT('',(-5.77,-4.955,0.23));
#3366=CARTESIAN_POINT('',(-3.23,-4.955,0.230000000000002));
#3367=CARTESIAN_POINT('',(-5.77,-4.955,2.77));
#3368=CARTESIAN_POINT('',(-5.77,-4.955,2.77));
#3369=CARTESIAN_POINT('',(-3.23,-4.955,2.77));
#3370=CARTESIAN_POINT('',(-3.23,-4.955,2.77));
#3371=CARTESIAN_POINT('',(-3.23,-4.955,0.230000000000002));
#3372=CARTESIAN_POINT('',(-2.77,-4.955,-2.77));
#3373=CARTESIAN_POINT('',(-2.77,-4.955,-2.77));
#3374=CARTESIAN_POINT('',(-0.879999999999997,-4.955,-2.77));
#3375=CARTESIAN_POINT('',(-2.77,-4.955,-0.229999999999996));
#3376=CARTESIAN_POINT('',(-2.77,-4.955,-0.229999999999996));
#3377=CARTESIAN_POINT('',(-0.229999999999998,-4.955,-0.229999999999997));
#3378=CARTESIAN_POINT('',(-0.229999999999998,-4.955,-0.229999999999997));
#3379=CARTESIAN_POINT('',(-0.229999999999997,-4.955,-2.12));
#3380=CARTESIAN_POINT('',(-0.229999999999997,-4.955,-2.12));
#3381=CARTESIAN_POINT('',(-0.879999999999997,-4.955,-2.77));
#3382=CARTESIAN_POINT('',(-2.77,-4.955,0.230000000000001));
#3383=CARTESIAN_POINT('',(-2.77,-4.955,0.230000000000001));
#3384=CARTESIAN_POINT('',(-0.879999999999997,-4.955,0.230000000000002));
#3385=CARTESIAN_POINT('',(-2.77,-4.955,2.77));
#3386=CARTESIAN_POINT('',(-2.77,-4.955,2.77));
#3387=CARTESIAN_POINT('',(-0.229999999999998,-4.955,2.77));
#3388=CARTESIAN_POINT('',(-0.229999999999998,-4.955,2.77));
#3389=CARTESIAN_POINT('',(-0.229999999999997,-4.955,0.880000000000002));
#3390=CARTESIAN_POINT('',(-0.229999999999997,-4.955,0.880000000000002));
#3391=CARTESIAN_POINT('',(-0.879999999999997,-4.955,0.230000000000002));
#3392=CARTESIAN_POINT('',(0.230000000000002,-4.955,-2.12));
#3393=CARTESIAN_POINT('',(0.230000000000002,-4.955,-2.12));
#3394=CARTESIAN_POINT('',(0.880000000000002,-4.955,-2.77));
#3395=CARTESIAN_POINT('',(0.230000000000001,-4.955,-0.229999999999996));
#3396=CARTESIAN_POINT('',(0.230000000000001,-4.955,-0.229999999999996));
#3397=CARTESIAN_POINT('',(2.77,-4.955,-0.229999999999996));
#3398=CARTESIAN_POINT('',(2.77,-4.955,-0.229999999999996));
#3399=CARTESIAN_POINT('',(2.77,-4.955,-2.77));
#3400=CARTESIAN_POINT('',(2.77,-4.955,-2.77));
#3401=CARTESIAN_POINT('',(0.880000000000002,-4.955,-2.77));
#3402=CARTESIAN_POINT('',(0.,-4.955,0.));
#3403=CARTESIAN_POINT('',(-6.425,4.955,3.43));
#3404=CARTESIAN_POINT('',(-6.425,4.955,3.43));
#3405=CARTESIAN_POINT('',(-6.425,4.955,-3.43));
#3406=CARTESIAN_POINT('',(-6.425,-4.955,-3.43));
#3407=CARTESIAN_POINT('',(-6.425,-4.955,3.43));
#3408=CARTESIAN_POINT('',(-6.425,-4.955,3.43));
#3409=CARTESIAN_POINT('',(-6.425,4.955,-3.43));
#3410=CARTESIAN_POINT('',(6.425,4.955,-3.43));
#3411=CARTESIAN_POINT('',(6.425,-4.955,-3.43));
#3412=CARTESIAN_POINT('',(-6.425,-4.955,-3.43));
#3413=CARTESIAN_POINT('',(6.425,4.955,-3.43));
#3414=CARTESIAN_POINT('',(6.425,4.955,3.43));
#3415=CARTESIAN_POINT('',(6.425,-4.955,3.43));
#3416=CARTESIAN_POINT('',(6.425,-4.955,-3.43));
#3417=CARTESIAN_POINT('',(0.7,-4.415,3.43));
#3418=CARTESIAN_POINT('',(0.7,-4.415,3.43));
#3419=CARTESIAN_POINT('',(-0.7,-4.415,3.43));
#3420=CARTESIAN_POINT('',(-0.7,-4.415,3.43));
#3421=CARTESIAN_POINT('',(-0.7,-2.00500000000001,3.43));
#3422=CARTESIAN_POINT('',(0.7,-2.00500000000001,3.43));
#3423=CARTESIAN_POINT('',(0.7,-2.00500000000001,3.43));
#3424=CARTESIAN_POINT('',(0.7,-4.415,3.43));
#3425=CARTESIAN_POINT('',(6.425,4.955,3.43));
#3426=CARTESIAN_POINT('',(6.425,-4.955,3.43));
#3427=CARTESIAN_POINT('',(0.,4.955,1.82));
#3428=CARTESIAN_POINT('',(-1.18,4.955,1.82));
#3429=CARTESIAN_POINT('',(-1.82,4.955,1.82));
#3430=CARTESIAN_POINT('',(-1.82,4.955,0.));
#3431=CARTESIAN_POINT('',(-1.82,4.955,1.18));
#3432=CARTESIAN_POINT('',(1.19939865331209E-15,4.955,1.18));
#3433=CARTESIAN_POINT('',(-1.18,4.955,1.18));
#3434=CARTESIAN_POINT('',(-1.18,4.955,0.));
#3435=CARTESIAN_POINT('',(0.,4.955,1.82));
#3436=CARTESIAN_POINT('',(1.82,4.955,1.82));
#3437=CARTESIAN_POINT('',(1.18,4.955,1.82));
#3438=CARTESIAN_POINT('',(1.18,4.955,0.));
#3439=CARTESIAN_POINT('',(1.18,4.955,1.18));
#3440=CARTESIAN_POINT('',(1.19939865331209E-15,4.955,1.18));
#3441=CARTESIAN_POINT('',(1.82,4.955,1.18));
#3442=CARTESIAN_POINT('',(1.82,4.955,0.));
#3443=CARTESIAN_POINT('',(0.,4.955,1.82));
#3444=CARTESIAN_POINT('',(4.82,4.955,1.82));
#3445=CARTESIAN_POINT('',(4.18,4.955,1.82));
#3446=CARTESIAN_POINT('',(4.18,4.955,0.));
#3447=CARTESIAN_POINT('',(4.18,4.955,1.18));
#3448=CARTESIAN_POINT('',(1.19939865331209E-15,4.955,1.18000000000001));
#3449=CARTESIAN_POINT('',(4.82,4.955,1.18));
#3450=CARTESIAN_POINT('',(4.82,4.955,0.));
#3451=CARTESIAN_POINT('',(0.,4.955,-1.18));
#3452=CARTESIAN_POINT('',(-1.18,4.955,-1.18));
#3453=CARTESIAN_POINT('',(-1.82,4.955,-1.18));
#3454=CARTESIAN_POINT('',(-1.82,4.955,0.));
#3455=CARTESIAN_POINT('',(-1.82,4.955,-1.82));
#3456=CARTESIAN_POINT('',(0.,4.955,-1.82));
#3457=CARTESIAN_POINT('',(-1.18,4.955,-1.82));
#3458=CARTESIAN_POINT('',(-1.18,4.955,0.));
#3459=CARTESIAN_POINT('',(0.,4.955,-1.18));
#3460=CARTESIAN_POINT('',(1.82,4.955,-1.18));
#3461=CARTESIAN_POINT('',(1.18,4.955,-1.18));
#3462=CARTESIAN_POINT('',(1.18,4.955,0.));
#3463=CARTESIAN_POINT('',(1.18,4.955,-1.82));
#3464=CARTESIAN_POINT('',(0.,4.955,-1.82));
#3465=CARTESIAN_POINT('',(1.82,4.955,-1.82));
#3466=CARTESIAN_POINT('',(1.82,4.955,0.));
#3467=CARTESIAN_POINT('',(0.,4.955,-1.18));
#3468=CARTESIAN_POINT('',(4.82,4.955,-1.18));
#3469=CARTESIAN_POINT('',(4.18,4.955,-1.18));
#3470=CARTESIAN_POINT('',(4.18,4.955,0.));
#3471=CARTESIAN_POINT('',(4.18,4.955,-1.82));
#3472=CARTESIAN_POINT('',(0.,4.955,-1.82));
#3473=CARTESIAN_POINT('',(4.82,4.955,-1.82));
#3474=CARTESIAN_POINT('',(4.82,4.955,0.));
#3475=CARTESIAN_POINT('',(0.,4.955,1.82));
#3476=CARTESIAN_POINT('',(-4.18,4.955,1.82));
#3477=CARTESIAN_POINT('',(-4.82,4.955,1.82));
#3478=CARTESIAN_POINT('',(-4.82,4.955,0.));
#3479=CARTESIAN_POINT('',(-4.82,4.955,1.18));
#3480=CARTESIAN_POINT('',(1.19939865331208E-15,4.955,1.18));
#3481=CARTESIAN_POINT('',(-4.18,4.955,1.18));
#3482=CARTESIAN_POINT('',(-4.18,4.955,0.));
#3483=CARTESIAN_POINT('',(0.,4.955,-1.18));
#3484=CARTESIAN_POINT('',(-4.18,4.955,-1.18));
#3485=CARTESIAN_POINT('',(-4.82,4.955,-1.18));
#3486=CARTESIAN_POINT('',(-4.82,4.955,0.));
#3487=CARTESIAN_POINT('',(-4.82,4.955,-1.82));
#3488=CARTESIAN_POINT('',(0.,4.955,-1.82));
#3489=CARTESIAN_POINT('',(-4.18,4.955,-1.82));
#3490=CARTESIAN_POINT('',(-4.18,4.955,0.));
#3491=CARTESIAN_POINT('',(-5.78,4.955,2.48));
#3492=CARTESIAN_POINT('',(-5.78,4.955,2.065));
#3493=CARTESIAN_POINT('',(0.,4.955,0.));
#3494=CARTESIAN_POINT('',(-0.7,-2.755,4.83));
#3495=CARTESIAN_POINT('',(-0.7,-2.755,4.83));
#3496=CARTESIAN_POINT('',(0.7,-2.755,4.83));
#3497=CARTESIAN_POINT('',(0.7,-2.755,4.83));
#3498=CARTESIAN_POINT('',(0.7,-2.755,4.83));
#3499=CARTESIAN_POINT('',(0.7,-2.755,4.83));
#3500=CARTESIAN_POINT('',(-0.7,-2.00500000000001,3.43));
#3501=CARTESIAN_POINT('',(-0.7,-2.005,4.83));
#3502=CARTESIAN_POINT('',(0.7,-2.005,4.83));
#3503=CARTESIAN_POINT('',(0.7,-2.005,4.83));
#3504=CARTESIAN_POINT('',(0.7,-2.00500000000001,3.43));
#3505=CARTESIAN_POINT('',(0.7,-2.00500000000001,3.43));
#3506=CARTESIAN_POINT('',(-0.7,-2.005,4.83));
#3507=CARTESIAN_POINT('',(0.7,-2.005,4.83));
#3508=CARTESIAN_POINT('',(0.7,-2.005,4.83));
#3509=CARTESIAN_POINT('',(0.7,0.,0.));
#3510=CARTESIAN_POINT('',(-0.7,0.,0.));
#3511=CARTESIAN_POINT('',(-5.78,5.535,2.48));
#3512=CARTESIAN_POINT('',(-5.78,5.535,2.065));
#3513=CARTESIAN_POINT('',(-5.78,5.785,2.48));
#3514=CARTESIAN_POINT('',(-5.78,5.785,2.48));
#3515=CARTESIAN_POINT('',(-5.78,5.785,2.315));
#3516=CARTESIAN_POINT('',(-5.78,5.785,2.48));
#3517=CARTESIAN_POINT('',(-5.78,5.535,2.48));
#3518=CARTESIAN_POINT('',(5.12,1.645,0.230000000000003));
#3519=CARTESIAN_POINT('',(5.12,1.645,-0.229999999999996));
#3520=CARTESIAN_POINT('',(5.12,1.645,0.230000000000002));
#3521=CARTESIAN_POINT('',(5.12,-4.955,0.230000000000003));
#3522=CARTESIAN_POINT('',(5.12,-4.955,-0.230000000000004));
#3523=CARTESIAN_POINT('',(5.12,-4.955,0.230000000000003));
#3524=CARTESIAN_POINT('',(5.77,1.645,-0.230000000000004));
#3525=CARTESIAN_POINT('',(5.77,1.645,2.77));
#3526=CARTESIAN_POINT('',(5.77,1.645,-2.77));
#3527=CARTESIAN_POINT('',(5.77,-4.955,-2.77));
#3528=CARTESIAN_POINT('',(5.77,-4.955,2.77));
#3529=CARTESIAN_POINT('',(5.77,-4.955,-0.230000000000004));
#3530=CARTESIAN_POINT('',(4.18,1.645,0.));
#3531=CARTESIAN_POINT('',(4.18,1.645,1.82));
#3532=CARTESIAN_POINT('',(4.18,1.645,1.18));
#3533=CARTESIAN_POINT('',(0.,1.645,1.82));
#3534=CARTESIAN_POINT('',(4.82,1.645,1.82));
#3535=CARTESIAN_POINT('',(4.82,1.645,0.));
#3536=CARTESIAN_POINT('',(4.82,1.645,1.18));
#3537=CARTESIAN_POINT('',(1.19939865331209E-15,1.645,1.18000000000001));
#3538=CARTESIAN_POINT('',(4.18,1.645,0.));
#3539=CARTESIAN_POINT('',(4.18,1.645,-1.18));
#3540=CARTESIAN_POINT('',(4.18,1.645,-1.82));
#3541=CARTESIAN_POINT('',(0.,1.645,-1.18));
#3542=CARTESIAN_POINT('',(4.82,1.645,-1.18));
#3543=CARTESIAN_POINT('',(4.82,1.645,0.));
#3544=CARTESIAN_POINT('',(4.82,1.645,-1.82));
#3545=CARTESIAN_POINT('',(0.,1.645,-1.82));
#3546=CARTESIAN_POINT('',(5.77,1.645,-0.229999999999996));
#3547=CARTESIAN_POINT('',(3.23,1.645,-0.229999999999996));
#3548=CARTESIAN_POINT('',(3.23,1.645,-0.229999999999996));
#3549=CARTESIAN_POINT('',(3.23,1.645,-2.12));
#3550=CARTESIAN_POINT('',(3.23,1.645,-2.12));
#3551=CARTESIAN_POINT('',(3.88,1.645,-2.77));
#3552=CARTESIAN_POINT('',(3.88,1.645,-2.77));
#3553=CARTESIAN_POINT('',(5.77,1.645,2.77));
#3554=CARTESIAN_POINT('',(3.23,1.645,2.77));
#3555=CARTESIAN_POINT('',(3.23,1.645,2.77));
#3556=CARTESIAN_POINT('',(3.23,1.645,0.880000000000004));
#3557=CARTESIAN_POINT('',(3.23,1.645,0.880000000000003));
#3558=CARTESIAN_POINT('',(3.88,1.645,0.230000000000004));
#3559=CARTESIAN_POINT('',(3.88,1.645,0.230000000000004));
#3560=CARTESIAN_POINT('',(0.,1.645,0.));
#3561=CARTESIAN_POINT('',(-5.77,1.645,-0.229999999999996));
#3562=CARTESIAN_POINT('',(-5.77,1.645,-2.77));
#3563=CARTESIAN_POINT('',(-5.77,1.645,-0.229999999999996));
#3564=CARTESIAN_POINT('',(-5.77,-4.955,-0.229999999999996));
#3565=CARTESIAN_POINT('',(-5.77,-4.955,-2.77));
#3566=CARTESIAN_POINT('',(-5.77,-4.955,-0.229999999999996));
#3567=CARTESIAN_POINT('',(-5.77,1.645,-2.77));
#3568=CARTESIAN_POINT('',(-3.88,1.645,-2.77));
#3569=CARTESIAN_POINT('',(-3.88,-4.955,-2.77));
#3570=CARTESIAN_POINT('',(-5.77,-4.955,-2.77));
#3571=CARTESIAN_POINT('',(-3.88,1.645,-2.77));
#3572=CARTESIAN_POINT('',(-3.23,1.645,-2.12));
#3573=CARTESIAN_POINT('',(-3.23,-4.955,-2.12));
#3574=CARTESIAN_POINT('',(-3.88,-4.955,-2.77));
#3575=CARTESIAN_POINT('',(-3.23,1.645,-2.12));
#3576=CARTESIAN_POINT('',(-3.23,1.645,-0.229999999999997));
#3577=CARTESIAN_POINT('',(-3.23,-4.955,-0.229999999999997));
#3578=CARTESIAN_POINT('',(-3.23,-4.955,-2.12));
#3579=CARTESIAN_POINT('',(-3.23,1.645,-0.229999999999997));
#3580=CARTESIAN_POINT('',(-3.23,-4.955,-0.229999999999997));
#3581=CARTESIAN_POINT('',(-4.82,1.645,0.));
#3582=CARTESIAN_POINT('',(-4.82,1.645,-1.18));
#3583=CARTESIAN_POINT('',(-4.82,1.645,-1.82));
#3584=CARTESIAN_POINT('',(0.,1.645,-1.18));
#3585=CARTESIAN_POINT('',(-4.18,1.645,-1.18));
#3586=CARTESIAN_POINT('',(-4.18,1.645,0.));
#3587=CARTESIAN_POINT('',(-4.18,1.645,-1.82));
#3588=CARTESIAN_POINT('',(0.,1.645,-1.82));
#3589=CARTESIAN_POINT('',(0.,1.645,0.));
#3590=CARTESIAN_POINT('',(0.230000000000001,1.645,2.77));
#3591=CARTESIAN_POINT('',(0.230000000000002,1.645,0.880000000000004));
#3592=CARTESIAN_POINT('',(0.230000000000001,1.645,2.77));
#3593=CARTESIAN_POINT('',(0.230000000000001,-4.955,2.77));
#3594=CARTESIAN_POINT('',(0.230000000000002,-4.955,0.880000000000004));
#3595=CARTESIAN_POINT('',(0.230000000000001,-4.955,2.77));
#3596=CARTESIAN_POINT('',(0.230000000000002,1.645,0.880000000000003));
#3597=CARTESIAN_POINT('',(0.880000000000002,1.645,0.230000000000004));
#3598=CARTESIAN_POINT('',(0.880000000000002,-4.955,0.230000000000004));
#3599=CARTESIAN_POINT('',(0.230000000000002,-4.955,0.880000000000003));
#3600=CARTESIAN_POINT('',(0.880000000000002,1.645,0.230000000000004));
#3601=CARTESIAN_POINT('',(2.77,1.645,0.230000000000001));
#3602=CARTESIAN_POINT('',(2.77,-4.955,0.230000000000001));
#3603=CARTESIAN_POINT('',(0.880000000000002,-4.955,0.230000000000004));
#3604=CARTESIAN_POINT('',(2.77,1.645,0.230000000000001));
#3605=CARTESIAN_POINT('',(2.77,1.645,2.77));
#3606=CARTESIAN_POINT('',(2.77,-4.955,2.77));
#3607=CARTESIAN_POINT('',(2.77,-4.955,0.230000000000001));
#3608=CARTESIAN_POINT('',(2.77,1.645,2.77));
#3609=CARTESIAN_POINT('',(2.77,-4.955,2.77));
#3610=CARTESIAN_POINT('',(1.18,1.645,0.));
#3611=CARTESIAN_POINT('',(1.18,1.645,1.82));
#3612=CARTESIAN_POINT('',(1.18,1.645,1.18));
#3613=CARTESIAN_POINT('',(0.,1.645,1.82));
#3614=CARTESIAN_POINT('',(1.82,1.645,1.82));
#3615=CARTESIAN_POINT('',(1.82,1.645,0.));
#3616=CARTESIAN_POINT('',(1.82,1.645,1.18));
#3617=CARTESIAN_POINT('',(1.19939865331209E-15,1.645,1.18));
#3618=CARTESIAN_POINT('',(0.,1.645,0.));
#3619=CARTESIAN_POINT('',(3.23,-4.955,-0.229999999999996));
#3620=CARTESIAN_POINT('',(5.77,-4.955,-0.229999999999996));
#3621=CARTESIAN_POINT('',(3.23,-4.955,-2.12));
#3622=CARTESIAN_POINT('',(3.23,-4.955,-0.229999999999996));
#3623=CARTESIAN_POINT('',(3.88,-4.955,-2.77));
#3624=CARTESIAN_POINT('',(3.23,-4.955,-2.12));
#3625=CARTESIAN_POINT('',(3.88,-4.955,-2.77));
#3626=CARTESIAN_POINT('',(3.23,-4.955,2.77));
#3627=CARTESIAN_POINT('',(3.23,-4.955,0.880000000000004));
#3628=CARTESIAN_POINT('',(3.23,-4.955,2.77));
#3629=CARTESIAN_POINT('',(3.88,-4.955,0.230000000000004));
#3630=CARTESIAN_POINT('',(3.23,-4.955,0.880000000000003));
#3631=CARTESIAN_POINT('',(3.88,-4.955,0.230000000000004));
#3632=CARTESIAN_POINT('',(5.77,-4.955,2.77));
#3633=CARTESIAN_POINT('',(-5.77,1.645,2.77));
#3634=CARTESIAN_POINT('',(-5.77,1.645,0.23));
#3635=CARTESIAN_POINT('',(-5.77,1.645,2.77));
#3636=CARTESIAN_POINT('',(-5.77,-4.955,2.77));
#3637=CARTESIAN_POINT('',(-5.77,-4.955,0.23));
#3638=CARTESIAN_POINT('',(-5.77,-4.955,2.77));
#3639=CARTESIAN_POINT('',(-5.77,1.645,0.23));
#3640=CARTESIAN_POINT('',(-3.23,1.645,0.230000000000002));
#3641=CARTESIAN_POINT('',(-3.23,-4.955,0.230000000000002));
#3642=CARTESIAN_POINT('',(-5.77,-4.955,0.23));
#3643=CARTESIAN_POINT('',(-3.23,1.645,0.230000000000002));
#3644=CARTESIAN_POINT('',(-3.23,1.645,2.77));
#3645=CARTESIAN_POINT('',(-3.23,-4.955,2.77));
#3646=CARTESIAN_POINT('',(-3.23,-4.955,0.230000000000002));
#3647=CARTESIAN_POINT('',(-3.23,1.645,2.77));
#3648=CARTESIAN_POINT('',(-3.23,-4.955,2.77));
#3649=CARTESIAN_POINT('',(-4.82,1.645,0.));
#3650=CARTESIAN_POINT('',(-4.82,1.645,1.82));
#3651=CARTESIAN_POINT('',(-4.82,1.645,1.18));
#3652=CARTESIAN_POINT('',(0.,1.645,1.82));
#3653=CARTESIAN_POINT('',(-4.18,1.645,1.82));
#3654=CARTESIAN_POINT('',(-4.18,1.645,0.));
#3655=CARTESIAN_POINT('',(-4.18,1.645,1.18));
#3656=CARTESIAN_POINT('',(1.19939865331208E-15,1.645,1.18));
#3657=CARTESIAN_POINT('',(0.,1.645,0.));
#3658=CARTESIAN_POINT('',(-2.77,1.645,-0.229999999999996));
#3659=CARTESIAN_POINT('',(-2.77,1.645,-2.77));
#3660=CARTESIAN_POINT('',(-2.77,1.645,-0.229999999999996));
#3661=CARTESIAN_POINT('',(-2.77,-4.955,-0.229999999999996));
#3662=CARTESIAN_POINT('',(-2.77,-4.955,-2.77));
#3663=CARTESIAN_POINT('',(-2.77,-4.955,-0.229999999999996));
#3664=CARTESIAN_POINT('',(-2.77,1.645,-2.77));
#3665=CARTESIAN_POINT('',(-0.879999999999997,1.645,-2.77));
#3666=CARTESIAN_POINT('',(-0.879999999999997,-4.955,-2.77));
#3667=CARTESIAN_POINT('',(-2.77,-4.955,-2.77));
#3668=CARTESIAN_POINT('',(-0.879999999999997,1.645,-2.77));
#3669=CARTESIAN_POINT('',(-0.229999999999997,1.645,-2.12));
#3670=CARTESIAN_POINT('',(-0.229999999999997,-4.955,-2.12));
#3671=CARTESIAN_POINT('',(-0.879999999999997,-4.955,-2.77));
#3672=CARTESIAN_POINT('',(-0.229999999999997,1.645,-2.12));
#3673=CARTESIAN_POINT('',(-0.229999999999998,1.645,-0.229999999999997));
#3674=CARTESIAN_POINT('',(-0.229999999999998,-4.955,-0.229999999999997));
#3675=CARTESIAN_POINT('',(-0.229999999999997,-4.955,-2.12));
#3676=CARTESIAN_POINT('',(-0.229999999999998,1.645,-0.229999999999997));
#3677=CARTESIAN_POINT('',(-0.229999999999998,-4.955,-0.229999999999997));
#3678=CARTESIAN_POINT('',(-1.82,1.645,0.));
#3679=CARTESIAN_POINT('',(-1.82,1.645,-1.18));
#3680=CARTESIAN_POINT('',(-1.82,1.645,-1.82));
#3681=CARTESIAN_POINT('',(0.,1.645,-1.18));
#3682=CARTESIAN_POINT('',(-1.18,1.645,-1.18));
#3683=CARTESIAN_POINT('',(-1.18,1.645,0.));
#3684=CARTESIAN_POINT('',(-1.18,1.645,-1.82));
#3685=CARTESIAN_POINT('',(0.,1.645,-1.82));
#3686=CARTESIAN_POINT('',(0.,1.645,0.));
#3687=CARTESIAN_POINT('',(-2.77,1.645,2.77));
#3688=CARTESIAN_POINT('',(-2.77,1.645,0.230000000000001));
#3689=CARTESIAN_POINT('',(-2.77,1.645,2.77));
#3690=CARTESIAN_POINT('',(-2.77,-4.955,2.77));
#3691=CARTESIAN_POINT('',(-2.77,-4.955,0.230000000000001));
#3692=CARTESIAN_POINT('',(-2.77,-4.955,2.77));
#3693=CARTESIAN_POINT('',(-2.77,1.645,0.230000000000001));
#3694=CARTESIAN_POINT('',(-0.879999999999997,1.645,0.230000000000002));
#3695=CARTESIAN_POINT('',(-0.879999999999997,-4.955,0.230000000000002));
#3696=CARTESIAN_POINT('',(-2.77,-4.955,0.230000000000001));
#3697=CARTESIAN_POINT('',(-0.879999999999997,1.645,0.230000000000002));
#3698=CARTESIAN_POINT('',(-0.229999999999997,1.645,0.880000000000002));
#3699=CARTESIAN_POINT('',(-0.229999999999997,-4.955,0.880000000000002));
#3700=CARTESIAN_POINT('',(-0.879999999999997,-4.955,0.230000000000002));
#3701=CARTESIAN_POINT('',(-0.229999999999997,1.645,0.880000000000002));
#3702=CARTESIAN_POINT('',(-0.229999999999998,1.645,2.77));
#3703=CARTESIAN_POINT('',(-0.229999999999998,-4.955,2.77));
#3704=CARTESIAN_POINT('',(-0.229999999999997,-4.955,0.880000000000002));
#3705=CARTESIAN_POINT('',(-0.229999999999998,1.645,2.77));
#3706=CARTESIAN_POINT('',(-0.229999999999998,-4.955,2.77));
#3707=CARTESIAN_POINT('',(-1.82,1.645,0.));
#3708=CARTESIAN_POINT('',(-1.82,1.645,1.82));
#3709=CARTESIAN_POINT('',(-1.82,1.645,1.18));
#3710=CARTESIAN_POINT('',(0.,1.645,1.82));
#3711=CARTESIAN_POINT('',(-1.18,1.645,1.82));
#3712=CARTESIAN_POINT('',(-1.18,1.645,0.));
#3713=CARTESIAN_POINT('',(-1.18,1.645,1.18));
#3714=CARTESIAN_POINT('',(1.19939865331209E-15,1.645,1.18));
#3715=CARTESIAN_POINT('',(0.,1.645,0.));
#3716=CARTESIAN_POINT('',(0.230000000000001,1.645,-0.229999999999996));
#3717=CARTESIAN_POINT('',(0.230000000000002,1.645,-2.12));
#3718=CARTESIAN_POINT('',(0.230000000000001,1.645,-0.229999999999996));
#3719=CARTESIAN_POINT('',(0.230000000000001,-4.955,-0.229999999999996));
#3720=CARTESIAN_POINT('',(0.230000000000002,-4.955,-2.12));
#3721=CARTESIAN_POINT('',(0.230000000000001,-4.955,-0.229999999999996));
#3722=CARTESIAN_POINT('',(0.230000000000002,1.645,-2.12));
#3723=CARTESIAN_POINT('',(0.880000000000002,1.645,-2.77));
#3724=CARTESIAN_POINT('',(0.880000000000002,-4.955,-2.77));
#3725=CARTESIAN_POINT('',(0.230000000000002,-4.955,-2.12));
#3726=CARTESIAN_POINT('',(0.880000000000002,1.645,-2.77));
#3727=CARTESIAN_POINT('',(2.77,1.645,-2.77));
#3728=CARTESIAN_POINT('',(2.77,-4.955,-2.77));
#3729=CARTESIAN_POINT('',(0.880000000000002,-4.955,-2.77));
#3730=CARTESIAN_POINT('',(2.77,1.645,-2.77));
#3731=CARTESIAN_POINT('',(2.77,1.645,-0.229999999999996));
#3732=CARTESIAN_POINT('',(2.77,-4.955,-0.229999999999996));
#3733=CARTESIAN_POINT('',(2.77,-4.955,-2.77));
#3734=CARTESIAN_POINT('',(2.77,1.645,-0.229999999999996));
#3735=CARTESIAN_POINT('',(2.77,-4.955,-0.229999999999996));
#3736=CARTESIAN_POINT('',(1.18,1.645,0.));
#3737=CARTESIAN_POINT('',(1.18,1.645,-1.18));
#3738=CARTESIAN_POINT('',(1.18,1.645,-1.82));
#3739=CARTESIAN_POINT('',(0.,1.645,-1.18));
#3740=CARTESIAN_POINT('',(1.82,1.645,-1.18));
#3741=CARTESIAN_POINT('',(1.82,1.645,0.));
#3742=CARTESIAN_POINT('',(1.82,1.645,-1.82));
#3743=CARTESIAN_POINT('',(0.,1.645,-1.82));
#3744=CARTESIAN_POINT('',(0.,1.645,0.));
#3745=CARTESIAN_POINT('',(-4.82,-2.555,-1.18));
#3746=CARTESIAN_POINT('',(-4.82,-2.555,-1.18));
#3747=CARTESIAN_POINT('',(-4.82,-2.555,-1.82));
#3748=CARTESIAN_POINT('',(-4.82,-2.555,-1.82));
#3749=CARTESIAN_POINT('',(-4.18,-2.555,-1.82));
#3750=CARTESIAN_POINT('',(-4.18,-2.555,-1.82));
#3751=CARTESIAN_POINT('',(-4.18,-2.555,-1.18));
#3752=CARTESIAN_POINT('',(-4.18,-2.555,-1.18));
#3753=CARTESIAN_POINT('',(0.,-2.555,0.));
#3754=CARTESIAN_POINT('',(-4.18,8.135,-1.18));
#3755=CARTESIAN_POINT('',(-4.82,8.135,-1.18));
#3756=CARTESIAN_POINT('',(-4.18,8.135,-1.18));
#3757=CARTESIAN_POINT('',(-4.18,8.135,-1.82));
#3758=CARTESIAN_POINT('',(-4.18,8.135,-1.82));
#3759=CARTESIAN_POINT('',(-4.82,8.135,-1.82));
#3760=CARTESIAN_POINT('',(-4.82,8.135,-1.82));
#3761=CARTESIAN_POINT('',(-4.82,8.135,-1.18));
#3762=CARTESIAN_POINT('',(-4.82,8.135,-1.18));
#3763=CARTESIAN_POINT('',(-4.82,8.135,-1.18));
#3764=CARTESIAN_POINT('',(-4.82,8.135,-1.18));
#3765=CARTESIAN_POINT('',(-4.82,8.135,-1.82));
#3766=CARTESIAN_POINT('',(-4.82,8.135,-1.82));
#3767=CARTESIAN_POINT('',(-4.82,8.135,-1.18));
#3768=CARTESIAN_POINT('',(-4.82,8.135,-1.82));
#3769=CARTESIAN_POINT('',(-4.18,8.135,-1.82));
#3770=CARTESIAN_POINT('',(-4.18,8.135,-1.82));
#3771=CARTESIAN_POINT('',(-4.82,8.135,-1.82));
#3772=CARTESIAN_POINT('',(-4.18,8.135,-1.82));
#3773=CARTESIAN_POINT('',(-4.18,8.135,-1.18));
#3774=CARTESIAN_POINT('',(-4.18,8.135,-1.18));
#3775=CARTESIAN_POINT('',(-4.18,8.135,-1.82));
#3776=CARTESIAN_POINT('',(-4.18,8.135,-1.18));
#3777=CARTESIAN_POINT('',(-4.18,8.135,-1.18));
#3778=CARTESIAN_POINT('',(0.,8.135,0.));
#3779=CARTESIAN_POINT('',(-4.82,-2.555,1.82));
#3780=CARTESIAN_POINT('',(-4.82,-2.555,1.82));
#3781=CARTESIAN_POINT('',(-4.82,-2.555,1.18));
#3782=CARTESIAN_POINT('',(-4.82,-2.555,1.18));
#3783=CARTESIAN_POINT('',(-4.18,-2.555,1.18));
#3784=CARTESIAN_POINT('',(-4.18,-2.555,1.18));
#3785=CARTESIAN_POINT('',(-4.18,-2.555,1.82));
#3786=CARTESIAN_POINT('',(-4.18,-2.555,1.82));
#3787=CARTESIAN_POINT('',(0.,-2.555,0.));
#3788=CARTESIAN_POINT('',(-4.18,8.135,1.82));
#3789=CARTESIAN_POINT('',(-4.82,8.135,1.82));
#3790=CARTESIAN_POINT('',(-4.18,8.135,1.82));
#3791=CARTESIAN_POINT('',(-4.18,8.135,1.18));
#3792=CARTESIAN_POINT('',(-4.18,8.135,1.18));
#3793=CARTESIAN_POINT('',(-4.82,8.135,1.18));
#3794=CARTESIAN_POINT('',(-4.82,8.135,1.18));
#3795=CARTESIAN_POINT('',(-4.82,8.135,1.82));
#3796=CARTESIAN_POINT('',(-4.82,8.135,1.82));
#3797=CARTESIAN_POINT('',(-4.82,8.135,1.82));
#3798=CARTESIAN_POINT('',(-4.82,8.135,1.82));
#3799=CARTESIAN_POINT('',(-4.82,8.135,1.18));
#3800=CARTESIAN_POINT('',(-4.82,8.135,1.18));
#3801=CARTESIAN_POINT('',(-4.82,8.135,1.82));
#3802=CARTESIAN_POINT('',(-4.82,8.135,1.18));
#3803=CARTESIAN_POINT('',(-4.18,8.135,1.18));
#3804=CARTESIAN_POINT('',(-4.18,8.135,1.18));
#3805=CARTESIAN_POINT('',(-4.82,8.135,1.18));
#3806=CARTESIAN_POINT('',(-4.18,8.135,1.18));
#3807=CARTESIAN_POINT('',(-4.18,8.135,1.82));
#3808=CARTESIAN_POINT('',(-4.18,8.135,1.82));
#3809=CARTESIAN_POINT('',(-4.18,8.135,1.18));
#3810=CARTESIAN_POINT('',(-4.18,8.135,1.82));
#3811=CARTESIAN_POINT('',(-4.18,8.135,1.82));
#3812=CARTESIAN_POINT('',(0.,8.135,0.));
#3813=CARTESIAN_POINT('',(1.18,-2.555,-1.18));
#3814=CARTESIAN_POINT('',(1.18,-2.555,-1.18));
#3815=CARTESIAN_POINT('',(1.18,-2.555,-1.82));
#3816=CARTESIAN_POINT('',(1.18,-2.555,-1.82));
#3817=CARTESIAN_POINT('',(1.82,-2.555,-1.82));
#3818=CARTESIAN_POINT('',(1.82,-2.555,-1.82));
#3819=CARTESIAN_POINT('',(1.82,-2.555,-1.18));
#3820=CARTESIAN_POINT('',(1.82,-2.555,-1.18));
#3821=CARTESIAN_POINT('',(6.,-2.555,0.));
#3822=CARTESIAN_POINT('',(1.82,8.135,-1.18));
#3823=CARTESIAN_POINT('',(1.18,8.135,-1.18));
#3824=CARTESIAN_POINT('',(1.82,8.135,-1.18));
#3825=CARTESIAN_POINT('',(1.82,8.135,-1.82));
#3826=CARTESIAN_POINT('',(1.82,8.135,-1.82));
#3827=CARTESIAN_POINT('',(1.18,8.135,-1.82));
#3828=CARTESIAN_POINT('',(1.18,8.135,-1.82));
#3829=CARTESIAN_POINT('',(1.18,8.135,-1.18));
#3830=CARTESIAN_POINT('',(-1.82,-2.555,-1.18));
#3831=CARTESIAN_POINT('',(-1.82,-2.555,-1.18));
#3832=CARTESIAN_POINT('',(-1.82,-2.555,-1.82));
#3833=CARTESIAN_POINT('',(-1.82,-2.555,-1.82));
#3834=CARTESIAN_POINT('',(-1.18,-2.555,-1.82));
#3835=CARTESIAN_POINT('',(-1.18,-2.555,-1.82));
#3836=CARTESIAN_POINT('',(-1.18,-2.555,-1.18));
#3837=CARTESIAN_POINT('',(-1.18,-2.555,-1.18));
#3838=CARTESIAN_POINT('',(3.,-2.555,0.));
#3839=CARTESIAN_POINT('',(-1.18,8.135,-1.18));
#3840=CARTESIAN_POINT('',(-1.82,8.135,-1.18));
#3841=CARTESIAN_POINT('',(-1.18,8.135,-1.18));
#3842=CARTESIAN_POINT('',(-1.18,8.135,-1.82));
#3843=CARTESIAN_POINT('',(-1.18,8.135,-1.82));
#3844=CARTESIAN_POINT('',(-1.82,8.135,-1.82));
#3845=CARTESIAN_POINT('',(-1.82,8.135,-1.82));
#3846=CARTESIAN_POINT('',(-1.82,8.135,-1.18));
#3847=CARTESIAN_POINT('',(4.18,-2.555,-1.18));
#3848=CARTESIAN_POINT('',(4.18,-2.555,-1.18));
#3849=CARTESIAN_POINT('',(4.18,-2.555,-1.82));
#3850=CARTESIAN_POINT('',(4.18,-2.555,-1.82));
#3851=CARTESIAN_POINT('',(4.82,-2.555,-1.82));
#3852=CARTESIAN_POINT('',(4.82,-2.555,-1.82));
#3853=CARTESIAN_POINT('',(4.82,-2.555,-1.18));
#3854=CARTESIAN_POINT('',(4.82,-2.555,-1.18));
#3855=CARTESIAN_POINT('',(9.,-2.555,0.));
#3856=CARTESIAN_POINT('',(4.82,8.135,-1.18));
#3857=CARTESIAN_POINT('',(4.18,8.135,-1.18));
#3858=CARTESIAN_POINT('',(4.82,8.135,-1.18));
#3859=CARTESIAN_POINT('',(4.82,8.135,-1.82));
#3860=CARTESIAN_POINT('',(4.82,8.135,-1.82));
#3861=CARTESIAN_POINT('',(4.18,8.135,-1.82));
#3862=CARTESIAN_POINT('',(4.18,8.135,-1.82));
#3863=CARTESIAN_POINT('',(4.18,8.135,-1.18));
#3864=CARTESIAN_POINT('',(4.18,8.135,-1.18));
#3865=CARTESIAN_POINT('',(4.18,8.135,-1.18));
#3866=CARTESIAN_POINT('',(4.18,8.135,-1.18));
#3867=CARTESIAN_POINT('',(4.18,8.135,-1.82));
#3868=CARTESIAN_POINT('',(4.18,8.135,-1.82));
#3869=CARTESIAN_POINT('',(4.18,8.135,-1.18));
#3870=CARTESIAN_POINT('',(4.18,8.135,-1.82));
#3871=CARTESIAN_POINT('',(4.82,8.135,-1.82));
#3872=CARTESIAN_POINT('',(4.82,8.135,-1.82));
#3873=CARTESIAN_POINT('',(4.18,8.135,-1.82));
#3874=CARTESIAN_POINT('',(4.82,8.135,-1.82));
#3875=CARTESIAN_POINT('',(4.82,8.135,-1.18));
#3876=CARTESIAN_POINT('',(4.82,8.135,-1.18));
#3877=CARTESIAN_POINT('',(4.82,8.135,-1.82));
#3878=CARTESIAN_POINT('',(4.82,8.135,-1.18));
#3879=CARTESIAN_POINT('',(4.82,8.135,-1.18));
#3880=CARTESIAN_POINT('',(9.,8.135,0.));
#3881=CARTESIAN_POINT('',(1.18,8.135,-1.18));
#3882=CARTESIAN_POINT('',(1.18,8.135,-1.18));
#3883=CARTESIAN_POINT('',(1.18,8.135,-1.18));
#3884=CARTESIAN_POINT('',(1.18,8.135,-1.82));
#3885=CARTESIAN_POINT('',(1.18,8.135,-1.82));
#3886=CARTESIAN_POINT('',(1.18,8.135,-1.18));
#3887=CARTESIAN_POINT('',(1.18,8.135,-1.82));
#3888=CARTESIAN_POINT('',(1.82,8.135,-1.82));
#3889=CARTESIAN_POINT('',(1.82,8.135,-1.82));
#3890=CARTESIAN_POINT('',(1.18,8.135,-1.82));
#3891=CARTESIAN_POINT('',(1.82,8.135,-1.82));
#3892=CARTESIAN_POINT('',(1.82,8.135,-1.18));
#3893=CARTESIAN_POINT('',(1.82,8.135,-1.18));
#3894=CARTESIAN_POINT('',(1.82,8.135,-1.82));
#3895=CARTESIAN_POINT('',(1.82,8.135,-1.18));
#3896=CARTESIAN_POINT('',(1.82,8.135,-1.18));
#3897=CARTESIAN_POINT('',(6.,8.135,0.));
#3898=CARTESIAN_POINT('',(-1.82,8.135,-1.18));
#3899=CARTESIAN_POINT('',(-1.82,8.135,-1.18));
#3900=CARTESIAN_POINT('',(-1.82,8.135,-1.18));
#3901=CARTESIAN_POINT('',(-1.82,8.135,-1.82));
#3902=CARTESIAN_POINT('',(-1.82,8.135,-1.82));
#3903=CARTESIAN_POINT('',(-1.82,8.135,-1.18));
#3904=CARTESIAN_POINT('',(-1.82,8.135,-1.82));
#3905=CARTESIAN_POINT('',(-1.18,8.135,-1.82));
#3906=CARTESIAN_POINT('',(-1.18,8.135,-1.82));
#3907=CARTESIAN_POINT('',(-1.82,8.135,-1.82));
#3908=CARTESIAN_POINT('',(-1.18,8.135,-1.82));
#3909=CARTESIAN_POINT('',(-1.18,8.135,-1.18));
#3910=CARTESIAN_POINT('',(-1.18,8.135,-1.18));
#3911=CARTESIAN_POINT('',(-1.18,8.135,-1.82));
#3912=CARTESIAN_POINT('',(-1.18,8.135,-1.18));
#3913=CARTESIAN_POINT('',(-1.18,8.135,-1.18));
#3914=CARTESIAN_POINT('',(3.,8.135,0.));
#3915=CARTESIAN_POINT('',(-1.82,-2.555,1.82));
#3916=CARTESIAN_POINT('',(-1.82,-2.555,1.82));
#3917=CARTESIAN_POINT('',(-1.82,-2.555,1.18));
#3918=CARTESIAN_POINT('',(-1.82,-2.555,1.18));
#3919=CARTESIAN_POINT('',(-1.18,-2.555,1.18));
#3920=CARTESIAN_POINT('',(-1.18,-2.555,1.18));
#3921=CARTESIAN_POINT('',(-1.18,-2.555,1.82));
#3922=CARTESIAN_POINT('',(-1.18,-2.555,1.82));
#3923=CARTESIAN_POINT('',(3.,-2.555,0.));
#3924=CARTESIAN_POINT('',(-1.18,8.135,1.82));
#3925=CARTESIAN_POINT('',(-1.82,8.135,1.82));
#3926=CARTESIAN_POINT('',(-1.18,8.135,1.82));
#3927=CARTESIAN_POINT('',(-1.18,8.135,1.18));
#3928=CARTESIAN_POINT('',(-1.18,8.135,1.18));
#3929=CARTESIAN_POINT('',(-1.82,8.135,1.18));
#3930=CARTESIAN_POINT('',(-1.82,8.135,1.18));
#3931=CARTESIAN_POINT('',(-1.82,8.135,1.82));
#3932=CARTESIAN_POINT('',(1.18,-2.555,1.82));
#3933=CARTESIAN_POINT('',(1.18,-2.555,1.82));
#3934=CARTESIAN_POINT('',(1.18,-2.555,1.18));
#3935=CARTESIAN_POINT('',(1.18,-2.555,1.18));
#3936=CARTESIAN_POINT('',(1.82,-2.555,1.18));
#3937=CARTESIAN_POINT('',(1.82,-2.555,1.18));
#3938=CARTESIAN_POINT('',(1.82,-2.555,1.82));
#3939=CARTESIAN_POINT('',(1.82,-2.555,1.82));
#3940=CARTESIAN_POINT('',(6.,-2.555,0.));
#3941=CARTESIAN_POINT('',(1.82,8.135,1.82));
#3942=CARTESIAN_POINT('',(1.18,8.135,1.82));
#3943=CARTESIAN_POINT('',(1.82,8.135,1.82));
#3944=CARTESIAN_POINT('',(1.82,8.135,1.18));
#3945=CARTESIAN_POINT('',(1.82,8.135,1.18));
#3946=CARTESIAN_POINT('',(1.18,8.135,1.18));
#3947=CARTESIAN_POINT('',(1.18,8.135,1.18));
#3948=CARTESIAN_POINT('',(1.18,8.135,1.82));
#3949=CARTESIAN_POINT('',(4.18,-2.555,1.82));
#3950=CARTESIAN_POINT('',(4.18,-2.555,1.82));
#3951=CARTESIAN_POINT('',(4.18,-2.555,1.18));
#3952=CARTESIAN_POINT('',(4.18,-2.555,1.18));
#3953=CARTESIAN_POINT('',(4.82,-2.555,1.18));
#3954=CARTESIAN_POINT('',(4.82,-2.555,1.18));
#3955=CARTESIAN_POINT('',(4.82,-2.555,1.82));
#3956=CARTESIAN_POINT('',(4.82,-2.555,1.82));
#3957=CARTESIAN_POINT('',(9.,-2.555,0.));
#3958=CARTESIAN_POINT('',(4.82,8.135,1.82));
#3959=CARTESIAN_POINT('',(4.18,8.135,1.82));
#3960=CARTESIAN_POINT('',(4.82,8.135,1.82));
#3961=CARTESIAN_POINT('',(4.82,8.135,1.18));
#3962=CARTESIAN_POINT('',(4.82,8.135,1.18));
#3963=CARTESIAN_POINT('',(4.18,8.135,1.18));
#3964=CARTESIAN_POINT('',(4.18,8.135,1.18));
#3965=CARTESIAN_POINT('',(4.18,8.135,1.82));
#3966=CARTESIAN_POINT('',(4.18,8.135,1.82));
#3967=CARTESIAN_POINT('',(4.18,8.135,1.82));
#3968=CARTESIAN_POINT('',(4.18,8.135,1.82));
#3969=CARTESIAN_POINT('',(4.18,8.135,1.18));
#3970=CARTESIAN_POINT('',(4.18,8.135,1.18));
#3971=CARTESIAN_POINT('',(4.18,8.135,1.82));
#3972=CARTESIAN_POINT('',(4.18,8.135,1.18));
#3973=CARTESIAN_POINT('',(4.82,8.135,1.18));
#3974=CARTESIAN_POINT('',(4.82,8.135,1.18));
#3975=CARTESIAN_POINT('',(4.18,8.135,1.18));
#3976=CARTESIAN_POINT('',(4.82,8.135,1.18));
#3977=CARTESIAN_POINT('',(4.82,8.135,1.82));
#3978=CARTESIAN_POINT('',(4.82,8.135,1.82));
#3979=CARTESIAN_POINT('',(4.82,8.135,1.18));
#3980=CARTESIAN_POINT('',(4.82,8.135,1.82));
#3981=CARTESIAN_POINT('',(4.82,8.135,1.82));
#3982=CARTESIAN_POINT('',(9.,8.135,0.));
#3983=CARTESIAN_POINT('',(1.18,8.135,1.82));
#3984=CARTESIAN_POINT('',(1.18,8.135,1.82));
#3985=CARTESIAN_POINT('',(1.18,8.135,1.82));
#3986=CARTESIAN_POINT('',(1.18,8.135,1.18));
#3987=CARTESIAN_POINT('',(1.18,8.135,1.18));
#3988=CARTESIAN_POINT('',(1.18,8.135,1.82));
#3989=CARTESIAN_POINT('',(1.18,8.135,1.18));
#3990=CARTESIAN_POINT('',(1.82,8.135,1.18));
#3991=CARTESIAN_POINT('',(1.82,8.135,1.18));
#3992=CARTESIAN_POINT('',(1.18,8.135,1.18));
#3993=CARTESIAN_POINT('',(1.82,8.135,1.18));
#3994=CARTESIAN_POINT('',(1.82,8.135,1.82));
#3995=CARTESIAN_POINT('',(1.82,8.135,1.82));
#3996=CARTESIAN_POINT('',(1.82,8.135,1.18));
#3997=CARTESIAN_POINT('',(1.82,8.135,1.82));
#3998=CARTESIAN_POINT('',(1.82,8.135,1.82));
#3999=CARTESIAN_POINT('',(6.,8.135,0.));
#4000=CARTESIAN_POINT('',(-1.82,8.135,1.82));
#4001=CARTESIAN_POINT('',(-1.82,8.135,1.82));
#4002=CARTESIAN_POINT('',(-1.82,8.135,1.82));
#4003=CARTESIAN_POINT('',(-1.82,8.135,1.18));
#4004=CARTESIAN_POINT('',(-1.82,8.135,1.18));
#4005=CARTESIAN_POINT('',(-1.82,8.135,1.82));
#4006=CARTESIAN_POINT('',(-1.82,8.135,1.18));
#4007=CARTESIAN_POINT('',(-1.18,8.135,1.18));
#4008=CARTESIAN_POINT('',(-1.18,8.135,1.18));
#4009=CARTESIAN_POINT('',(-1.82,8.135,1.18));
#4010=CARTESIAN_POINT('',(-1.18,8.135,1.18));
#4011=CARTESIAN_POINT('',(-1.18,8.135,1.82));
#4012=CARTESIAN_POINT('',(-1.18,8.135,1.82));
#4013=CARTESIAN_POINT('',(-1.18,8.135,1.18));
#4014=CARTESIAN_POINT('',(-1.18,8.135,1.82));
#4015=CARTESIAN_POINT('',(-1.18,8.135,1.82));
#4016=CARTESIAN_POINT('',(3.,8.135,0.));
#4017=MECHANICAL_DESIGN_GEOMETRIC_PRESENTATION_REPRESENTATION('',(#24),
#4018);
#4018=(
GEOMETRIC_REPRESENTATION_CONTEXT(3)
GLOBAL_UNCERTAINTY_ASSIGNED_CONTEXT((#4019))
GLOBAL_UNIT_ASSIGNED_CONTEXT((#4025,#4021,#4020))
REPRESENTATION_CONTEXT('2068320802wbm000_01_214',
'TOP_LEVEL_ASSEMBLY_PART')
);
#4019=UNCERTAINTY_MEASURE_WITH_UNIT(LENGTH_MEASURE(2.E-5),#4025,
'DISTANCE_ACCURACY_VALUE','Maximum Tolerance applied to model');
#4020=(
NAMED_UNIT(*)
SI_UNIT($,.STERADIAN.)
SOLID_ANGLE_UNIT()
);
#4021=(
CONVERSION_BASED_UNIT('DEGREE',#4023)
NAMED_UNIT(#4022)
PLANE_ANGLE_UNIT()
);
#4022=DIMENSIONAL_EXPONENTS(0.,0.,0.,0.,0.,0.,0.);
#4023=PLANE_ANGLE_MEASURE_WITH_UNIT(PLANE_ANGLE_MEASURE(0.0174532925),#4024);
#4024=(
NAMED_UNIT(*)
PLANE_ANGLE_UNIT()
SI_UNIT($,.RADIAN.)
);
#4025=(
LENGTH_UNIT()
NAMED_UNIT(*)
SI_UNIT(.MILLI.,.METRE.)
);
ENDSEC;
END-ISO-10303-21;
